default	21:44:56.449024-0500	projectm-tv	Evaluating dispatch of UIEvent: 0x109ff0b40; type: 0; subtype: 0; backing type: 11; shouldSend: 0; ignoreInteractionEvents: 0, systemGestureStateChange: 0
default	21:44:56.449105-0500	projectm-tv	Evaluating dispatch of UIEvent: 0x109ff0b40; type: 0; subtype: 0; backing type: 11; shouldSend: 0; ignoreInteractionEvents: 0, systemGestureStateChange: 0
default	21:44:56.636235-0500	projectm-tv	Evaluating dispatch of UIEvent: 0x109ff0b40; type: 0; subtype: 0; backing type: 11; shouldSend: 0; ignoreInteractionEvents: 0, systemGestureStateChange: 0
default	21:44:56.636251-0500	projectm-tv	Evaluating dispatch of UIEvent: 0x109ff0b40; type: 0; subtype: 0; backing type: 11; shouldSend: 0; ignoreInteractionEvents: 0, systemGestureStateChange: 0
default	21:44:56.650202-0500	projectm-tv	Evaluating dispatch of UIEvent: 0x109ff0b40; type: 0; subtype: 0; backing type: 11; shouldSend: 0; ignoreInteractionEvents: 0, systemGestureStateChange: 0
default	21:44:56.650185-0500	projectm-tv	Evaluating dispatch of UIEvent: 0x109ff0b40; type: 0; subtype: 0; backing type: 11; shouldSend: 0; ignoreInteractionEvents: 0, systemGestureStateChange: 0
default	21:44:56.749525-0500	projectm-tv	Evaluating dispatch of UIEvent: 0x109ff0b40; type: 0; subtype: 0; backing type: 11; shouldSend: 0; ignoreInteractionEvents: 0, systemGestureStateChange: 0
default	21:44:56.749506-0500	projectm-tv	Evaluating dispatch of UIEvent: 0x109ff0b40; type: 0; subtype: 0; backing type: 11; shouldSend: 0; ignoreInteractionEvents: 0, systemGestureStateChange: 0
default	21:44:56.868417-0500	projectm-tv	Evaluating dispatch of UIEvent: 0x109ff0b40; type: 0; subtype: 0; backing type: 11; shouldSend: 0; ignoreInteractionEvents: 0, systemGestureStateChange: 0
default	21:44:56.868485-0500	projectm-tv	Evaluating dispatch of UIEvent: 0x109ff0b40; type: 0; subtype: 0; backing type: 11; shouldSend: 0; ignoreInteractionEvents: 0, systemGestureStateChange: 0
default	21:45:19.559446-0500	projectm-tv	[0x1014ac000] activating connection: mach=true listener=false peer=false name=com.apple.cfprefsd.daemon
default	21:45:19.559427-0500	projectm-tv	[0x1014ac000] activating connection: mach=true listener=false peer=false name=com.apple.cfprefsd.daemon
default	21:45:19.563572-0500	projectm-tv	[C:1] Alloc com.apple.frontboard.systemappservices
default	21:45:19.563986-0500	projectm-tv	[0x1014ac300] activating connection: mach=false listener=false peer=false name=(anonymous)
default	21:45:19.564076-0500	projectm-tv	Cache loaded with 6309 pre-cached in CacheData and 67 items in CacheExtra.
default	21:45:19.564268-0500	projectm-tv	Creating new assertion because there is no existing background assertion.
default	21:45:19.564296-0500	projectm-tv	Creating new background assertion
default	21:45:19.564534-0500	projectm-tv	Created new background assertion <BKSProcessAssertion: 0x101471a40>
default	21:45:19.564589-0500	projectm-tv	Initializing connection
default	21:45:19.564713-0500	projectm-tv	Removing all cached process handles
default	21:45:19.563556-0500	projectm-tv	[C:1] Alloc com.apple.frontboard.systemappservices
default	21:45:19.565308-0500	projectm-tv	Sending handshake request attempt #1 to server
default	21:45:19.565340-0500	projectm-tv	Creating connection to com.apple.runningboard
default	21:45:19.563878-0500	projectm-tv	[0x1014ac300] activating connection: mach=false listener=false peer=false name=(anonymous)
default	21:45:19.565381-0500	projectm-tv	[0x1014ac780] activating connection: mach=true listener=false peer=false name=com.apple.runningboard
default	21:45:19.564042-0500	projectm-tv	Cache loaded with 6309 pre-cached in CacheData and 67 items in CacheExtra.
default	21:45:19.564255-0500	projectm-tv	Creating new assertion because there is no existing background assertion.
default	21:45:19.564285-0500	projectm-tv	Creating new background assertion
default	21:45:19.564485-0500	projectm-tv	Created new background assertion <BKSProcessAssertion: 0x101471a40>
default	21:45:19.564574-0500	projectm-tv	Initializing connection
default	21:45:19.564699-0500	projectm-tv	Removing all cached process handles
default	21:45:19.565294-0500	projectm-tv	Sending handshake request attempt #1 to server
default	21:45:19.565325-0500	projectm-tv	Creating connection to com.apple.runningboard
default	21:45:19.565363-0500	projectm-tv	[0x1014ac780] activating connection: mach=true listener=false peer=false name=com.apple.runningboard
default	21:45:19.567667-0500	projectm-tv	Handshake succeeded
default	21:45:19.567847-0500	projectm-tv	Identity resolved as app<com.joshpointer.applejax(7D990111-3C69-4C33-A672-8639ED62B964)>
default	21:45:19.568376-0500	projectm-tv	Incrementing reference count for background assertion <BKSProcessAssertion: 0x101471a40>
default	21:45:19.567655-0500	projectm-tv	Handshake succeeded
default	21:45:19.567826-0500	projectm-tv	Identity resolved as app<com.joshpointer.applejax(7D990111-3C69-4C33-A672-8639ED62B964)>
default	21:45:19.568361-0500	projectm-tv	Incrementing reference count for background assertion <BKSProcessAssertion: 0x101471a40>
default	21:45:19.571327-0500	projectm-tv	Deactivation reason added: 10; deactivation reasons: 0 -> 1024; animating application lifecycle event: 0
default	21:45:19.571434-0500	projectm-tv	activating monitor for service com.apple.frontboard.open
default	21:45:19.571708-0500	projectm-tv	Created background task <_UIBackgroundTaskInfo: 0x101419e40>: taskID = 1, taskName = Launch Background Task for Coalescing, creationTime = 87723 (elapsed = 0).
default	21:45:19.571311-0500	projectm-tv	Deactivation reason added: 10; deactivation reasons: 0 -> 1024; animating application lifecycle event: 0
default	21:45:19.571346-0500	projectm-tv	activating monitor for service com.apple.frontboard.open
default	21:45:19.571686-0500	projectm-tv	Created background task <_UIBackgroundTaskInfo: 0x101419e40>: taskID = 1, taskName = Launch Background Task for Coalescing, creationTime = 87723 (elapsed = 0).
default	21:45:19.573921-0500	projectm-tv	Realizing settings extension _UIApplicationSceneKeyboardSettings on FBSSceneSettings
default	21:45:19.574022-0500	projectm-tv	activating monitor for service com.apple.frontboard.workspace-service
default	21:45:19.574088-0500	projectm-tv	FBSWorkspace registering source: com.apple.frontboard.systemappservices
default	21:45:19.574287-0500	projectm-tv	FBSWorkspace connected to endpoint : <BSServiceConnectionEndpoint: 0x1014bebe0; target: com.apple.frontboard.systemappservices; service: com.apple.frontboard.workspace-service>
default	21:45:19.574325-0500	projectm-tv	<FBSWorkspaceScenesClient:0x10145fcc0 com.apple.frontboard.systemappservices> attempting immediate handshake from activate
default	21:45:19.574358-0500	projectm-tv	<FBSWorkspaceScenesClient:0x10145fcc0 com.apple.frontboard.systemappservices> sent handshake
default	21:45:19.573904-0500	projectm-tv	Realizing settings extension _UIApplicationSceneKeyboardSettings on FBSSceneSettings
default	21:45:19.574007-0500	projectm-tv	activating monitor for service com.apple.frontboard.workspace-service
default	21:45:19.574074-0500	projectm-tv	FBSWorkspace registering source: com.apple.frontboard.systemappservices
default	21:45:19.574270-0500	projectm-tv	FBSWorkspace connected to endpoint : <BSServiceConnectionEndpoint: 0x1014bebe0; target: com.apple.frontboard.systemappservices; service: com.apple.frontboard.workspace-service>
default	21:45:19.574307-0500	projectm-tv	<FBSWorkspaceScenesClient:0x10145fcc0 com.apple.frontboard.systemappservices> attempting immediate handshake from activate
default	21:45:19.574343-0500	projectm-tv	<FBSWorkspaceScenesClient:0x10145fcc0 com.apple.frontboard.systemappservices> sent handshake
default	21:45:19.576936-0500	projectm-tv	Realizing settings extension <_UIRemoteFocusParentSceneClientSettings> on FBSSceneClientSettings
default	21:45:19.577033-0500	projectm-tv	Realizing settings extension <_UIRemoteFocusChildSceneSettings> on FBSSceneSettings
default	21:45:19.577275-0500	projectm-tv	Realizing settings extension <_UIRemoteFocusChildSceneClientSettings> on FBSSceneClientSettings
default	21:45:19.577805-0500	projectm-tv	Realizing settings extension _UISceneLayoutPreferencesHostSettingsExtension on FBSSceneSettings
default	21:45:19.576920-0500	projectm-tv	Realizing settings extension <_UIRemoteFocusParentSceneClientSettings> on FBSSceneClientSettings
default	21:45:19.578623-0500	projectm-tv	Realizing settings extension _UISceneSafeAreaSettingsExtension on FBSSceneSettings
default	21:45:19.577018-0500	projectm-tv	Realizing settings extension <_UIRemoteFocusChildSceneSettings> on FBSSceneSettings
default	21:45:19.577260-0500	projectm-tv	Realizing settings extension <_UIRemoteFocusChildSceneClientSettings> on FBSSceneClientSettings
default	21:45:19.579173-0500	projectm-tv	Realizing settings extension _UISceneLayoutPreferenceClientSettingsExtension on FBSSceneClientSettings
default	21:45:19.577789-0500	projectm-tv	Realizing settings extension _UISceneLayoutPreferencesHostSettingsExtension on FBSSceneSettings
default	21:45:19.579639-0500	projectm-tv	Realizing settings extension _UISystemShellSceneHostingEnvironmentSettings on FBSSceneSettings
default	21:45:19.578608-0500	projectm-tv	Realizing settings extension _UISceneSafeAreaSettingsExtension on FBSSceneSettings
default	21:45:19.579834-0500	projectm-tv	Realizing settings extension _UISceneRenderingEnvironmentSettings on FBSSceneSettings
default	21:45:19.580209-0500	projectm-tv	Realizing settings extension <_UISceneRenderingEnvironmentClientSettings> on FBSSceneClientSettings
default	21:45:19.579157-0500	projectm-tv	Realizing settings extension _UISceneLayoutPreferenceClientSettingsExtension on FBSSceneClientSettings
default	21:45:19.580446-0500	projectm-tv	Realizing settings extension <_UISceneTransitioningHostSettings> on FBSSceneSettings
default	21:45:19.580576-0500	projectm-tv	Realizing settings extension <_UISceneFocusSystemSettings> on FBSSceneSettings
default	21:45:19.579624-0500	projectm-tv	Realizing settings extension _UISystemShellSceneHostingEnvironmentSettings on FBSSceneSettings
default	21:45:19.580964-0500	projectm-tv	Realizing settings extension _UISceneWindowingControlClientSettings on FBSSceneClientSettings
default	21:45:19.579818-0500	projectm-tv	Realizing settings extension _UISceneRenderingEnvironmentSettings on FBSSceneSettings
default	21:45:19.581074-0500	projectm-tv	Realizing settings extension <_UISceneHostingContentSizePreferenceClientSettings> on FBSSceneClientSettings
default	21:45:19.580193-0500	projectm-tv	Realizing settings extension <_UISceneRenderingEnvironmentClientSettings> on FBSSceneClientSettings
default	21:45:19.581397-0500	projectm-tv	Realizing settings extension _UISceneHostingTraitCollectionPropagationSettings on FBSSceneSettings
default	21:45:19.580395-0500	projectm-tv	Realizing settings extension <_UISceneTransitioningHostSettings> on FBSSceneSettings
default	21:45:19.580560-0500	projectm-tv	Realizing settings extension <_UISceneFocusSystemSettings> on FBSSceneSettings
default	21:45:19.581986-0500	projectm-tv	Realizing settings extension <_UISceneHostingSheetPresentationSettings> on FBSSceneSettings
default	21:45:19.580949-0500	projectm-tv	Realizing settings extension _UISceneWindowingControlClientSettings on FBSSceneClientSettings
default	21:45:19.582117-0500	projectm-tv	Realizing settings extension <_UISceneHostingSheetPresentationClientSettings> on FBSSceneClientSettings
default	21:45:19.581058-0500	projectm-tv	Realizing settings extension <_UISceneHostingContentSizePreferenceClientSettings> on FBSSceneClientSettings
default	21:45:19.582838-0500	projectm-tv	Realizing settings extension <_UISceneHostingEventDeferringSettings> on FBSSceneSettings
default	21:45:19.581379-0500	projectm-tv	Realizing settings extension _UISceneHostingTraitCollectionPropagationSettings on FBSSceneSettings
default	21:45:19.583091-0500	projectm-tv	Realizing settings extension <UIKit__UITypedKeyValueSceneSettings> on FBSSceneSettings
default	21:45:19.583210-0500	projectm-tv	Realizing settings extension <UIKit__UITypedKeyValueSceneSettings> on FBSSceneClientSettings
default	21:45:19.581969-0500	projectm-tv	Realizing settings extension <_UISceneHostingSheetPresentationSettings> on FBSSceneSettings
default	21:45:19.583313-0500	projectm-tv	Realizing settings extension <_UISceneHostingViewControllerPreferencePropagationClientSettings> on FBSSceneClientSettings
default	21:45:19.582102-0500	projectm-tv	Realizing settings extension <_UISceneHostingSheetPresentationClientSettings> on FBSSceneClientSettings
default	21:45:19.583663-0500	projectm-tv	Realizing settings extension <_UISceneZoomTransitionSettings> on FBSSceneSettings
default	21:45:19.583784-0500	projectm-tv	Realizing settings extension FBSSceneSettingsCore on FBSSceneSettings
default	21:45:19.582822-0500	projectm-tv	Realizing settings extension <_UISceneHostingEventDeferringSettings> on FBSSceneSettings
default	21:45:19.583072-0500	projectm-tv	Realizing settings extension <UIKit__UITypedKeyValueSceneSettings> on FBSSceneSettings
default	21:45:19.583197-0500	projectm-tv	Realizing settings extension <UIKit__UITypedKeyValueSceneSettings> on FBSSceneClientSettings
default	21:45:19.583297-0500	projectm-tv	Realizing settings extension <_UISceneHostingViewControllerPreferencePropagationClientSettings> on FBSSceneClientSettings
default	21:45:19.583523-0500	projectm-tv	Realizing settings extension <_UISceneZoomTransitionSettings> on FBSSceneSettings
default	21:45:19.583769-0500	projectm-tv	Realizing settings extension FBSSceneSettingsCore on FBSSceneSettings
default	21:45:19.585587-0500	projectm-tv	Realizing settings extension FBSSceneClientSettingsCore on FBSSceneClientSettings
default	21:45:19.585573-0500	projectm-tv	Realizing settings extension FBSSceneClientSettingsCore on FBSSceneClientSettings
default	21:45:19.587713-0500	projectm-tv	UIMutableApplicationSceneSettings setting counterpart class: UIApplicationSceneSettings
default	21:45:19.587785-0500	projectm-tv	Realizing settings extension FBSSceneTransitionContextCore on FBSSceneTransitionContext
default	21:45:19.587697-0500	projectm-tv	UIMutableApplicationSceneSettings setting counterpart class: UIApplicationSceneSettings
default	21:45:19.587769-0500	projectm-tv	Realizing settings extension FBSSceneTransitionContextCore on FBSSceneTransitionContext
default	21:45:19.593638-0500	projectm-tv	Added observer for process assertions expiration warning: <_RBSExpirationWarningClient: 0x1015ae040>
default	21:45:19.593624-0500	projectm-tv	Added observer for process assertions expiration warning: <_RBSExpirationWarningClient: 0x1015ae040>
default	21:45:19.788295-0500	projectm-tv	[FBSDisplaySource 1-1] silently connecting raw configuration: <FBSDisplayConfiguration: 0x101464b00; Main-External; mode: "1920x1080@2x 59.94Hz p3 HDR10">
default	21:45:19.788279-0500	projectm-tv	[FBSDisplaySource 1-1] silently connecting raw configuration: <FBSDisplayConfiguration: 0x101464b00; Main-External; mode: "1920x1080@2x 59.94Hz p3 HDR10">
default	21:45:19.789813-0500	projectm-tv	[0x1014acf00] activating connection: mach=true listener=false peer=false name=com.apple.mobilegestalt.xpc
default	21:45:19.789844-0500	projectm-tv	[0x1014acf00] activating connection: mach=true listener=false peer=false name=com.apple.mobilegestalt.xpc
default	21:45:19.790132-0500	projectm-tv	[0x1014acf00] invalidated because the current process cancelled the connection by calling xpc_connection_cancel()
default	21:45:19.790146-0500	projectm-tv	[0x1014acf00] invalidated because the current process cancelled the connection by calling xpc_connection_cancel()
default	21:45:19.790203-0500	projectm-tv	[0x1014ad200] activating connection: mach=true listener=false peer=false name=com.apple.mobilegestalt.xpc
default	21:45:19.790220-0500	projectm-tv	[0x1014ad200] activating connection: mach=true listener=false peer=false name=com.apple.mobilegestalt.xpc
default	21:45:19.790482-0500	projectm-tv	[0x1014ad200] invalidated because the current process cancelled the connection by calling xpc_connection_cancel()
default	21:45:19.790496-0500	projectm-tv	[0x1014ad200] invalidated because the current process cancelled the connection by calling xpc_connection_cancel()
default	21:45:19.790757-0500	projectm-tv	Display settings after update from FB configuration: AXMDisplay<0x1015e5650>: Backing:FrontBoardServices (dynamic) Name:TVOut scale:2 size:[3840.00 2160.00] orientation:0 (AXMPhysicalDisplayOrientationPortrait) refBounds:[0.00 0.00 1920.00 1080.00] deepColor:1
default	21:45:19.790716-0500	projectm-tv	Display settings after update from FB configuration: AXMDisplay<0x1015e5650>: Backing:FrontBoardServices (dynamic) Name:TVOut scale:2 size:[3840.00 2160.00] orientation:0 (AXMPhysicalDisplayOrientationPortrait) refBounds:[0.00 0.00 1920.00 1080.00] deepColor:1
default	21:45:19.791065-0500	projectm-tv	Display settings after update from CADisplay.mainDisplay: AXMDisplay<0x1015e4fc0>: Backing:CoreAnimation Name:TVOut scale:2 size:[3840.00 2160.00] orientation:0 (AXMPhysicalDisplayOrientationPortrait) refBounds:[0.00 0.00 1920.00 1080.00] deepColor:0
default	21:45:19.791021-0500	projectm-tv	Display settings after update from CADisplay.mainDisplay: AXMDisplay<0x1015e4fc0>: Backing:CoreAnimation Name:TVOut scale:2 size:[3840.00 2160.00] orientation:0 (AXMPhysicalDisplayOrientationPortrait) refBounds:[0.00 0.00 1920.00 1080.00] deepColor:0
default	21:45:19.847476-0500	projectm-tv	Registering for test daemon availability notify post.
default	21:45:19.847490-0500	projectm-tv	Registering for test daemon availability notify post.
default	21:45:19.848208-0500	projectm-tv	notify_get_state check indicated test daemon not ready.
default	21:45:19.848269-0500	projectm-tv	notify_get_state check indicated test daemon not ready.
default	21:45:19.848325-0500	projectm-tv	notify_get_state check indicated test daemon not ready.
default	21:45:19.848222-0500	projectm-tv	notify_get_state check indicated test daemon not ready.
default	21:45:19.848282-0500	projectm-tv	notify_get_state check indicated test daemon not ready.
default	21:45:19.848337-0500	projectm-tv	notify_get_state check indicated test daemon not ready.
default	21:45:19.848861-0500	projectm-tv	Deactivation reason added: 11; deactivation reasons: 1024 -> 3072; animating application lifecycle event: 0
default	21:45:19.849061-0500	projectm-tv	Evaluated capturing state as 0 on <UIScreen: 0x1014aca80> for initial
default	21:45:19.848879-0500	projectm-tv	Deactivation reason added: 11; deactivation reasons: 1024 -> 3072; animating application lifecycle event: 0
default	21:45:19.849076-0500	projectm-tv	Evaluated capturing state as 0 on <UIScreen: 0x1014aca80> for initial
default	21:45:19.849392-0500	projectm-tv	Evaluated capturing state as 0 on <UIScreen: 0x1014aca80> for CADisplay KVO
default	21:45:19.849410-0500	projectm-tv	Evaluated capturing state as 0 on <UIScreen: 0x1014aca80> for CADisplay KVO
default	21:45:19.851885-0500	projectm-tv	Read CategoryName: per-app = 0, category name = (null)
default	21:45:19.851871-0500	projectm-tv	Read CategoryName: per-app = 0, category name = (null)
default	21:45:19.856687-0500	projectm-tv	Deactivation reason removed: 10; deactivation reasons: 3072 -> 2048; animating application lifecycle event: 0
default	21:45:19.857146-0500	projectm-tv	Event Timing Profile for Touch: not found, path="/System/Library/EventTimingProfiles/J305.Touch.plist"
default	21:45:19.857429-0500	projectm-tv	Event Timing Profile for Pencil: not found, path="/System/Library/EventTimingProfiles/J305.Pencil.plist"
default	21:45:19.856703-0500	projectm-tv	Deactivation reason removed: 10; deactivation reasons: 3072 -> 2048; animating application lifecycle event: 0
default	21:45:19.857161-0500	projectm-tv	Event Timing Profile for Touch: not found, path="/System/Library/EventTimingProfiles/J305.Touch.plist"
default	21:45:19.857444-0500	projectm-tv	Event Timing Profile for Pencil: not found, path="/System/Library/EventTimingProfiles/J305.Pencil.plist"
default	21:45:19.857713-0500	projectm-tv	Selected display: name=TVOut (external-0), id=1
default	21:45:19.857728-0500	projectm-tv	Selected display: name=TVOut (external-0), id=1
default	21:45:19.874979-0500	projectm-tv	alm_acquire_pageins_recording_assertion: acquired pageins recording assertion!
default	21:45:19.874991-0500	projectm-tv	alm_acquire_pageins_recording_assertion: acquired pageins recording assertion!
default	21:45:20.027416-0500	projectm-tv	UIMutableApplicationSceneClientSettings setting counterpart class: UIApplicationSceneClientSettings
default	21:45:20.027403-0500	projectm-tv	UIMutableApplicationSceneClientSettings setting counterpart class: UIApplicationSceneClientSettings
default	21:45:20.029402-0500	projectm-tv	Deactivation reason added: 5; deactivation reasons: 2048 -> 2080; animating application lifecycle event: 1
default	21:45:20.029303-0500	projectm-tv	Deactivation reason added: 5; deactivation reasons: 2048 -> 2080; animating application lifecycle event: 1
default	21:45:20.029793-0500	projectm-tv	Should send trait collection or coordinate space update, interface style 1 -> 2, <UIWindowScene: 0x1014e1600> (com.joshpointer.applejax-default)
default	21:45:20.029742-0500	projectm-tv	Should send trait collection or coordinate space update, interface style 1 -> 2, <UIWindowScene: 0x1014e1600> (com.joshpointer.applejax-default)
default	21:45:20.033406-0500	projectm-tv	[0x1016fdc70] Initialized with scene: <UIWindowScene: 0x1014e1600>; behavior: <_UIEventDeferringBehavior_tvOS: 0x104fc5ec0>; availableForProcess: 1, systemShellManagesKeyboardFocus: 0
default	21:45:20.033387-0500	projectm-tv	[0x1016fdc70] Initialized with scene: <UIWindowScene: 0x1014e1600>; behavior: <_UIEventDeferringBehavior_tvOS: 0x104fc5ec0>; availableForProcess: 1, systemShellManagesKeyboardFocus: 0
default	21:45:20.033519-0500	projectm-tv	Setting default evaluation strategy for UIUserInterfaceIdiomTV to LastOneWins
default	21:45:20.033503-0500	projectm-tv	Setting default evaluation strategy for UIUserInterfaceIdiomTV to LastOneWins
default	21:45:20.057070-0500	projectm-tv	Initial remote flags value: 31
default	21:45:20.057456-0500	projectm-tv	Remote touch surface type has been initialized to: Rotary
default	21:45:20.058168-0500	projectm-tv	Remote microphone capability has been initialized to: YES
default	21:45:20.058201-0500	projectm-tv	Remote mute capability has been initialized to: YES
default	21:45:20.058233-0500	projectm-tv	Remote PushToTalk capability has been initialized to: YES
default	21:45:20.057152-0500	projectm-tv	Initial remote flags value: 31
default	21:45:20.057558-0500	projectm-tv	Remote touch surface type has been initialized to: Rotary
default	21:45:20.058182-0500	projectm-tv	Remote microphone capability has been initialized to: YES
default	21:45:20.058213-0500	projectm-tv	Remote mute capability has been initialized to: YES
default	21:45:20.058247-0500	projectm-tv	Remote PushToTalk capability has been initialized to: YES
default	21:45:20.068819-0500	projectm-tv	[C:2] Alloc com.apple.backboard.hid-services.xpc
default	21:45:20.068804-0500	projectm-tv	[C:2] Alloc com.apple.backboard.hid-services.xpc
default	21:45:20.068859-0500	projectm-tv	[0x105054c00] activating connection: mach=false listener=false peer=false name=(anonymous)
default	21:45:20.068841-0500	projectm-tv	[0x105054c00] activating connection: mach=false listener=false peer=false name=(anonymous)
default	21:45:20.069103-0500	projectm-tv	policyStatus:<BKSHIDEventDeliveryPolicyObserver: 0x105020600; process scope; status: none> was:none
default	21:45:20.069076-0500	projectm-tv	policyStatus:<BKSHIDEventDeliveryPolicyObserver: 0x105020600; process scope; status: none> was:none
default	21:45:20.069135-0500	projectm-tv	BKSHIDEventObserver - connection activation
default	21:45:20.069120-0500	projectm-tv	BKSHIDEventObserver - connection activation
default	21:45:20.084881-0500	projectm-tv	Key window API is scene-level: YES
default	21:45:20.084867-0500	projectm-tv	Key window API is scene-level: YES
default	21:45:20.085022-0500	projectm-tv	UIWindowScene: 0x1014e1600: Window became key in scene: UIWindow: 0x10146ac00; contextId: 0xDB2F7816: reason: UIWindowScene: 0x1014e1600: Window requested to become key in scene: 0x10146ac00
default	21:45:20.085005-0500	projectm-tv	UIWindowScene: 0x1014e1600: Window became key in scene: UIWindow: 0x10146ac00; contextId: 0xDB2F7816: reason: UIWindowScene: 0x1014e1600: Window requested to become key in scene: 0x10146ac00
default	21:45:20.085127-0500	projectm-tv	Key window needs update: 1; currentKeyWindowScene: 0x0; evaluatedKeyWindowScene: 0x1014e1600; currentApplicationKeyWindow: 0x0; evaluatedApplicationKeyWindow: 0x10146ac00; reason: UIWindowScene: 0x1014e1600: Window requested to become key in scene: 0x10146ac00
default	21:45:20.085109-0500	projectm-tv	Key window needs update: 1; currentKeyWindowScene: 0x0; evaluatedKeyWindowScene: 0x1014e1600; currentApplicationKeyWindow: 0x0; evaluatedApplicationKeyWindow: 0x10146ac00; reason: UIWindowScene: 0x1014e1600: Window requested to become key in scene: 0x10146ac00
default	21:45:20.085717-0500	projectm-tv	Window did become application key: UIWindow: 0x10146ac00; contextId: 0xDB2F7816; scene identity: com.apple.frontboard.systemappservices/FBSceneManager:com.joshpointer.applejax-default
default	21:45:20.085700-0500	projectm-tv	Window did become application key: UIWindow: 0x10146ac00; contextId: 0xDB2F7816; scene identity: com.apple.frontboard.systemappservices/FBSceneManager:com.joshpointer.applejax-default
default	21:45:20.085922-0500	projectm-tv	[0x1016fdc70] Begin local event deferring requested for token: 0x105021920; environments: 1; reason: UIWindowScene: 0x1014e1600: Begin event deferring in keyboardFocus for window: 0x10146ac00
default	21:45:20.085906-0500	projectm-tv	[0x1016fdc70] Begin local event deferring requested for token: 0x105021920; environments: 1; reason: UIWindowScene: 0x1014e1600: Begin event deferring in keyboardFocus for window: 0x10146ac00
default	21:45:20.086170-0500	projectm-tv	BKSHIDEventDeliveryManager - connection activation
default	21:45:20.086158-0500	projectm-tv	BKSHIDEventDeliveryManager - connection activation
default	21:45:20.092145-0500	projectm-tv	sceneOfRecord: sceneID: com.joshpointer.applejax-default  persistentID: com.joshpointer.applejax-default
default	21:45:20.092325-0500	projectm-tv	Ignoring already applied deactivation reason: 5; deactivation reasons: 2080
default	21:45:20.092431-0500	projectm-tv	Deactivation reason added: 12; deactivation reasons: 2080 -> 6176; animating application lifecycle event: 1
default	21:45:20.092639-0500	projectm-tv	Deactivation reason removed: 11; deactivation reasons: 6176 -> 4128; animating application lifecycle event: 1
default	21:45:20.093471-0500	projectm-tv	Realizing settings extension <_UISceneIntelligenceSupportSettings> on FBSSceneSettings
default	21:45:20.092159-0500	projectm-tv	sceneOfRecord: sceneID: com.joshpointer.applejax-default  persistentID: com.joshpointer.applejax-default
default	21:45:20.094036-0500	projectm-tv	establishing connection to agent
default	21:45:20.092339-0500	projectm-tv	Ignoring already applied deactivation reason: 5; deactivation reasons: 2080
default	21:45:20.092447-0500	projectm-tv	Deactivation reason added: 12; deactivation reasons: 2080 -> 6176; animating application lifecycle event: 1
default	21:45:20.094223-0500	projectm-tv	[0x1016cdae0] Session created.
default	21:45:20.092658-0500	projectm-tv	Deactivation reason removed: 11; deactivation reasons: 6176 -> 4128; animating application lifecycle event: 1
default	21:45:20.094691-0500	projectm-tv	[0x1016cdae0] Session created from connection [0x105054180]
default	21:45:20.094955-0500	projectm-tv	[0x105054180] activating connection: mach=true listener=false peer=false name=com.apple.uiintelligencesupport.agent
default	21:45:20.093485-0500	projectm-tv	Realizing settings extension <_UISceneIntelligenceSupportSettings> on FBSSceneSettings
default	21:45:20.095099-0500	projectm-tv	[0x1016cdae0] Session activated
default	21:45:20.094053-0500	projectm-tv	establishing connection to agent
default	21:45:20.094319-0500	projectm-tv	[0x1016cdae0] Session created.
default	21:45:20.094707-0500	projectm-tv	[0x1016cdae0] Session created from connection [0x105054180]
default	21:45:20.094973-0500	projectm-tv	[0x105054180] activating connection: mach=true listener=false peer=false name=com.apple.uiintelligencesupport.agent
default	21:45:20.095115-0500	projectm-tv	[0x1016cdae0] Session activated
default	21:45:20.311772-0500	projectm-tv	Not observing PTDefaults on customer install.
default	21:45:20.311784-0500	projectm-tv	Not observing PTDefaults on customer install.
default	21:45:20.341646-0500	projectm-tv	<ICCloudServiceStatusMonitor: 0x1052fc240>: Cloud service status monitor was configured with privacy acknowledgement policy: prompt-prohibited.
default	21:45:20.342366-0500	projectm-tv	[0x1052b6580] activating connection: mach=true listener=false peer=false name=com.apple.tccd
default	21:45:20.341670-0500	projectm-tv	<ICCloudServiceStatusMonitor: 0x1052fc240>: Cloud service status monitor was configured with privacy acknowledgement policy: prompt-prohibited.
default	21:45:20.342385-0500	projectm-tv	[0x1052b6580] activating connection: mach=true listener=false peer=false name=com.apple.tccd
default	21:45:20.348433-0500	projectm-tv	[0x1052b6580] invalidated after the last release of the connection object
default	21:45:20.348479-0500	projectm-tv	[0x1052b6580] invalidated after the last release of the connection object
default	21:45:20.376667-0500	projectm-tv	<UIWindowScene: 0x1014e1600> (com.joshpointer.applejax-default) Scene updated orientation preferences: none -> ( Pu )
default	21:45:20.376689-0500	projectm-tv	<UIWindowScene: 0x1014e1600> (com.joshpointer.applejax-default) Scene updated orientation preferences: none -> ( Pu )
default	21:45:20.397255-0500	projectm-tv	AggregateDictionary is deprecated and has been removed. Please migrate to Core Analytics.
default	21:45:20.397325-0500	projectm-tv	Ending background task with UIBackgroundTaskIdentifier: 1
default	21:45:20.397408-0500	projectm-tv	Ending task with identifier 1 and description: <_UIBackgroundTaskInfo: 0x101419e40>: taskID = 1, taskName = Launch Background Task for Coalescing, creationTime = 87723 (elapsed = 1), _expireHandler: (null)
default	21:45:20.397547-0500	projectm-tv	Decrementing reference count for assertion <BKSProcessAssertion: 0x101471a40> (used by background task with identifier 1: <_UIBackgroundTaskInfo: 0x101419e40>: taskID = 1, taskName = Launch Background Task for Coalescing, creationTime = 87723 (elapsed = 1))
default	21:45:20.397958-0500	projectm-tv	Will invalidate assertion: <BKSProcessAssertion: 0x101471a40> for task identifier: 1
default	21:45:20.398386-0500	projectm-tv	Target list changed: <CADisplay:TVOut external-0>
default	21:45:20.397270-0500	projectm-tv	AggregateDictionary is deprecated and has been removed. Please migrate to Core Analytics.
default	21:45:20.397344-0500	projectm-tv	Ending background task with UIBackgroundTaskIdentifier: 1
default	21:45:20.397439-0500	projectm-tv	Ending task with identifier 1 and description: <_UIBackgroundTaskInfo: 0x101419e40>: taskID = 1, taskName = Launch Background Task for Coalescing, creationTime = 87723 (elapsed = 1), _expireHandler: (null)
default	21:45:20.397562-0500	projectm-tv	Decrementing reference count for assertion <BKSProcessAssertion: 0x101471a40> (used by background task with identifier 1: <_UIBackgroundTaskInfo: 0x101419e40>: taskID = 1, taskName = Launch Background Task for Coalescing, creationTime = 87723 (elapsed = 1))
default	21:45:20.397974-0500	projectm-tv	Will invalidate assertion: <BKSProcessAssertion: 0x101471a40> for task identifier: 1
default	21:45:20.398399-0500	projectm-tv	Target list changed: <CADisplay:TVOut external-0>
default	21:45:20.402843-0500	projectm-tv	Focus system enabled
default	21:45:20.402858-0500	projectm-tv	Focus system enabled
default	21:45:20.406758-0500	projectm-tv	Deferring focus update to item <_TtC7SwiftUIP33_B6A2D4E72E5722B5103497ADB7778B5F31UIKitFocusableViewResponderItem: 0x1052f8a50>. No additional info available.
default	21:45:20.406774-0500	projectm-tv	Deferring focus update to item <_TtC7SwiftUIP33_B6A2D4E72E5722B5103497ADB7778B5F31UIKitFocusableViewResponderItem: 0x1052f8a50>. No additional info available.
default	21:45:20.412254-0500	projectm-tv	sceneOfRecord: sceneID: com.joshpointer.applejax-default  persistentID: com.joshpointer.applejax-default
default	21:45:20.412270-0500	projectm-tv	sceneOfRecord: sceneID: com.joshpointer.applejax-default  persistentID: com.joshpointer.applejax-default
default	21:45:20.412293-0500	projectm-tv	Deactivation reason removed: 12; deactivation reasons: 4128 -> 32; animating application lifecycle event: 1
default	21:45:20.412312-0500	projectm-tv	Deactivation reason removed: 12; deactivation reasons: 4128 -> 32; animating application lifecycle event: 1
default	21:45:20.412520-0500	projectm-tv	Deactivation reason removed: 5; deactivation reasons: 32 -> 0; animating application lifecycle event: 0
default	21:45:20.412537-0500	projectm-tv	Deactivation reason removed: 5; deactivation reasons: 32 -> 0; animating application lifecycle event: 0
default	21:45:20.412595-0500	projectm-tv	Creating hang event with BundleID: com.joshpointer.applejax
default	21:45:20.412612-0500	projectm-tv	Creating hang event with BundleID: com.joshpointer.applejax
default	21:45:20.413557-0500	projectm-tv	Updating event->rollingFGTimestamp from INVALID_FOREGROUND_TIMESTAMP to 2105380538009
default	21:45:20.413712-0500	projectm-tv	Updating configuration of monitor M3102-1
default	21:45:20.413954-0500	projectm-tv	[0x105300a80] activating connection: mach=true listener=false peer=false name=com.apple.hangtracermonitor
default	21:45:20.414030-0500	projectm-tv	[0x105300a80] failed to do a bootstrap look-up: xpc_error=[3: No such process]
default	21:45:20.414298-0500	projectm-tv	[0x105300a80] invalidated after a failed init
default	21:45:20.415069-0500	projectm-tv	Creating side-channel connection to com.apple.runningboard
default	21:45:20.415106-0500	projectm-tv	[0x105300180] activating connection: mach=true listener=false peer=false name=com.apple.runningboard
default	21:45:20.413575-0500	projectm-tv	Updating event->rollingFGTimestamp from INVALID_FOREGROUND_TIMESTAMP to 2105380538009
default	21:45:20.413726-0500	projectm-tv	Updating configuration of monitor M3102-1
default	21:45:20.415900-0500	projectm-tv	Hit the server for a process handle aaf346800000c1e that resolved to: [app<com.joshpointer.applejax(7D990111-3C69-4C33-A672-8639ED62B964)>:3102]
default	21:45:20.413975-0500	projectm-tv	[0x105300a80] activating connection: mach=true listener=false peer=false name=com.apple.hangtracermonitor
default	21:45:20.414047-0500	projectm-tv	[0x105300a80] failed to do a bootstrap look-up: xpc_error=[3: No such process]
default	21:45:20.416007-0500	projectm-tv	Received state update for 3102 (app<com.joshpointer.applejax(7D990111-3C69-4C33-A672-8639ED62B964)>, unknown-NotVisible
default	21:45:20.414318-0500	projectm-tv	[0x105300a80] invalidated after a failed init
default	21:45:20.415083-0500	projectm-tv	Creating side-channel connection to com.apple.runningboard
default	21:45:20.415122-0500	projectm-tv	[0x105300180] activating connection: mach=true listener=false peer=false name=com.apple.runningboard
default	21:45:20.415921-0500	projectm-tv	Hit the server for a process handle aaf346800000c1e that resolved to: [app<com.joshpointer.applejax(7D990111-3C69-4C33-A672-8639ED62B964)>:3102]
default	21:45:20.416023-0500	projectm-tv	Received state update for 3102 (app<com.joshpointer.applejax(7D990111-3C69-4C33-A672-8639ED62B964)>, unknown-NotVisible
default	21:45:20.466676-0500	projectm-tv	Unsetting the global parent activity (null)
default	21:45:20.466737-0500	projectm-tv	Unset the global parent activity
default	21:45:20.466924-0500	projectm-tv	alm_release_pageins_recording_assertion: releasing pageins recording assertion
default	21:45:20.466691-0500	projectm-tv	Unsetting the global parent activity (null)
default	21:45:20.466748-0500	projectm-tv	Unset the global parent activity
default	21:45:20.467056-0500	projectm-tv	alm_release_pageins_recording_assertion: releasing pageins recording assertion
default	21:45:20.593153-0500	projectm-tv	Read Per-App on Init: Smart invert = (null)
default	21:45:20.593168-0500	projectm-tv	Read Per-App on Init: Smart invert = (null)
default	21:45:20.652072-0500	projectm-tv	[(FBSceneManager):com.joshpointer.applejax-default] Received action(s): UIResetFocusAction
default	21:45:20.652087-0500	projectm-tv	[(FBSceneManager):com.joshpointer.applejax-default] Received action(s): UIResetFocusAction
default	21:45:20.653275-0500	projectm-tv	sceneOfRecord: sceneID: com.joshpointer.applejax-default  persistentID: com.joshpointer.applejax-default
default	21:45:20.653290-0500	projectm-tv	sceneOfRecord: sceneID: com.joshpointer.applejax-default  persistentID: com.joshpointer.applejax-default
default	21:45:20.675271-0500	projectm-tv	policyStatus:<BKSHIDEventDeliveryPolicyObserver: 0x105020600; display: 1E6D0100-0000-0000-011E-010380A05A78; environment: keyboardFocus; token: 0xDB2F7816; status: target> was:none
default	21:45:20.675290-0500	projectm-tv	policyStatus:<BKSHIDEventDeliveryPolicyObserver: 0x105020600; display: 1E6D0100-0000-0000-011E-010380A05A78; environment: keyboardFocus; token: 0xDB2F7816; status: target> was:none
default	21:45:20.722017-0500	projectm-tv	Received state update for 3102 (app<com.joshpointer.applejax(7D990111-3C69-4C33-A672-8639ED62B964)>, unknown-NotVisible
default	21:45:20.722033-0500	projectm-tv	Received state update for 3102 (app<com.joshpointer.applejax(7D990111-3C69-4C33-A672-8639ED62B964)>, unknown-NotVisible
default	21:45:20.794154-0500	projectm-tv	Received state update for 3102 (app<com.joshpointer.applejax(7D990111-3C69-4C33-A672-8639ED62B964)>, unknown-NotVisible
default	21:45:20.794138-0500	projectm-tv	Received state update for 3102 (app<com.joshpointer.applejax(7D990111-3C69-4C33-A672-8639ED62B964)>, unknown-NotVisible
default	21:45:20.921355-0500	projectm-tv	Evaluating dispatch of UIEvent: 0x1052fe880; type: 0; subtype: 0; backing type: 11; shouldSend: 1; ignoreInteractionEvents: 0, systemGestureStateChange: 0
default	21:45:20.921374-0500	projectm-tv	Evaluating dispatch of UIEvent: 0x1052fe880; type: 0; subtype: 0; backing type: 11; shouldSend: 1; ignoreInteractionEvents: 0, systemGestureStateChange: 0
default	21:45:20.921433-0500	projectm-tv	Sending UIEvent type: 0; subtype: 0; to windows: 1
default	21:45:20.921474-0500	projectm-tv	Sending UIEvent type: 0; subtype: 0; to windows: 1
default	21:45:20.921848-0500	projectm-tv	Sending UIEvent type: 0; subtype: 0; to window: <UIWindow: 0x10146ac00>; contextId: 0xDB2F7816
default	21:45:20.921869-0500	projectm-tv	Sending UIEvent type: 0; subtype: 0; to window: <UIWindow: 0x10146ac00>; contextId: 0xDB2F7816
default	21:45:21.032859-0500	projectm-tv	Evaluating dispatch of UIEvent: 0x1052fe880; type: 0; subtype: 0; backing type: 11; shouldSend: 1; ignoreInteractionEvents: 0, systemGestureStateChange: 0
default	21:45:21.032840-0500	projectm-tv	Evaluating dispatch of UIEvent: 0x1052fe880; type: 0; subtype: 0; backing type: 11; shouldSend: 1; ignoreInteractionEvents: 0, systemGestureStateChange: 0
default	21:45:21.032906-0500	projectm-tv	Sending UIEvent type: 0; subtype: 0; to windows: 1
default	21:45:21.032921-0500	projectm-tv	Sending UIEvent type: 0; subtype: 0; to windows: 1
default	21:45:21.032990-0500	projectm-tv	Sending UIEvent type: 0; subtype: 0; to window: <UIWindow: 0x10146ac00>; contextId: 0xDB2F7816
default	21:45:21.033008-0500	projectm-tv	Sending UIEvent type: 0; subtype: 0; to window: <UIWindow: 0x10146ac00>; contextId: 0xDB2F7816
default	21:45:21.142060-0500	projectm-tv	Evaluating dispatch of UIEvent: 0x1052fe880; type: 0; subtype: 0; backing type: 11; shouldSend: 0; ignoreInteractionEvents: 0, systemGestureStateChange: 0
default	21:45:21.142018-0500	projectm-tv	Evaluating dispatch of UIEvent: 0x1052fe880; type: 0; subtype: 0; backing type: 11; shouldSend: 0; ignoreInteractionEvents: 0, systemGestureStateChange: 0
default	21:45:21.431201-0500	projectm-tv	Evaluating dispatch of UIEvent: 0x1052fe880; type: 0; subtype: 0; backing type: 11; shouldSend: 0; ignoreInteractionEvents: 0, systemGestureStateChange: 0
default	21:45:21.431219-0500	projectm-tv	Evaluating dispatch of UIEvent: 0x1052fe880; type: 0; subtype: 0; backing type: 11; shouldSend: 0; ignoreInteractionEvents: 0, systemGestureStateChange: 0
default	21:45:21.447560-0500	projectm-tv	Evaluating dispatch of UIEvent: 0x1052fe880; type: 0; subtype: 0; backing type: 11; shouldSend: 1; ignoreInteractionEvents: 0, systemGestureStateChange: 0
default	21:45:21.447576-0500	projectm-tv	Evaluating dispatch of UIEvent: 0x1052fe880; type: 0; subtype: 0; backing type: 11; shouldSend: 1; ignoreInteractionEvents: 0, systemGestureStateChange: 0
default	21:45:21.447611-0500	projectm-tv	Sending UIEvent type: 0; subtype: 0; to windows: 1
default	21:45:21.447597-0500	projectm-tv	Sending UIEvent type: 0; subtype: 0; to windows: 1
default	21:45:21.447633-0500	projectm-tv	Sending UIEvent type: 0; subtype: 0; to window: <UIWindow: 0x10146ac00>; contextId: 0xDB2F7816
default	21:45:21.447649-0500	projectm-tv	Sending UIEvent type: 0; subtype: 0; to window: <UIWindow: 0x10146ac00>; contextId: 0xDB2F7816
default	21:45:21.454709-0500	projectm-tv	Evaluating dispatch of UIEvent: 0x1052fe880; type: 0; subtype: 0; backing type: 11; shouldSend: 1; ignoreInteractionEvents: 0, systemGestureStateChange: 0
default	21:45:21.454734-0500	projectm-tv	Evaluating dispatch of UIEvent: 0x1052fe880; type: 0; subtype: 0; backing type: 11; shouldSend: 1; ignoreInteractionEvents: 0, systemGestureStateChange: 0
default	21:45:21.454855-0500	projectm-tv	Sending UIEvent type: 0; subtype: 0; to windows: 1
default	21:45:21.454870-0500	projectm-tv	Sending UIEvent type: 0; subtype: 0; to windows: 1
default	21:45:21.454955-0500	projectm-tv	Sending UIEvent type: 0; subtype: 0; to window: <UIWindow: 0x10146ac00>; contextId: 0xDB2F7816
default	21:45:21.454971-0500	projectm-tv	Sending UIEvent type: 0; subtype: 0; to window: <UIWindow: 0x10146ac00>; contextId: 0xDB2F7816
default	21:45:21.464077-0500	projectm-tv	Evaluating dispatch of UIEvent: 0x1052fe880; type: 0; subtype: 0; backing type: 11; shouldSend: 1; ignoreInteractionEvents: 0, systemGestureStateChange: 0
default	21:45:21.464102-0500	projectm-tv	Evaluating dispatch of UIEvent: 0x1052fe880; type: 0; subtype: 0; backing type: 11; shouldSend: 1; ignoreInteractionEvents: 0, systemGestureStateChange: 0
default	21:45:21.464246-0500	projectm-tv	Sending UIEvent type: 0; subtype: 0; to windows: 1
default	21:45:21.464348-0500	projectm-tv	Sending UIEvent type: 0; subtype: 0; to window: <UIWindow: 0x10146ac00>; contextId: 0xDB2F7816
default	21:45:21.464230-0500	projectm-tv	Sending UIEvent type: 0; subtype: 0; to windows: 1
default	21:45:21.464330-0500	projectm-tv	Sending UIEvent type: 0; subtype: 0; to window: <UIWindow: 0x10146ac00>; contextId: 0xDB2F7816
default	21:45:21.494136-0500	projectm-tv	Evaluating dispatch of UIEvent: 0x1052fe880; type: 0; subtype: 0; backing type: 11; shouldSend: 0; ignoreInteractionEvents: 0, systemGestureStateChange: 0
default	21:45:21.494107-0500	projectm-tv	Evaluating dispatch of UIEvent: 0x1052fe880; type: 0; subtype: 0; backing type: 11; shouldSend: 0; ignoreInteractionEvents: 0, systemGestureStateChange: 0
default	21:45:21.518018-0500	projectm-tv	Evaluating dispatch of UIEvent: 0x1052fe880; type: 0; subtype: 0; backing type: 11; shouldSend: 1; ignoreInteractionEvents: 0, systemGestureStateChange: 0
default	21:45:21.518156-0500	projectm-tv	Sending UIEvent type: 0; subtype: 0; to windows: 1
default	21:45:21.518378-0500	projectm-tv	Sending UIEvent type: 0; subtype: 0; to window: <UIWindow: 0x10146ac00>; contextId: 0xDB2F7816
default	21:45:21.518037-0500	projectm-tv	Evaluating dispatch of UIEvent: 0x1052fe880; type: 0; subtype: 0; backing type: 11; shouldSend: 1; ignoreInteractionEvents: 0, systemGestureStateChange: 0
default	21:45:21.518171-0500	projectm-tv	Sending UIEvent type: 0; subtype: 0; to windows: 1
default	21:45:21.518404-0500	projectm-tv	Sending UIEvent type: 0; subtype: 0; to window: <UIWindow: 0x10146ac00>; contextId: 0xDB2F7816
default	21:45:21.619016-0500	projectm-tv	Evaluating dispatch of UIEvent: 0x1052fe880; type: 0; subtype: 0; backing type: 11; shouldSend: 1; ignoreInteractionEvents: 0, systemGestureStateChange: 0
default	21:45:21.619034-0500	projectm-tv	Evaluating dispatch of UIEvent: 0x1052fe880; type: 0; subtype: 0; backing type: 11; shouldSend: 1; ignoreInteractionEvents: 0, systemGestureStateChange: 0
default	21:45:21.619090-0500	projectm-tv	Sending UIEvent type: 0; subtype: 0; to windows: 1
default	21:45:21.619103-0500	projectm-tv	Sending UIEvent type: 0; subtype: 0; to windows: 1
default	21:45:21.619167-0500	projectm-tv	Sending UIEvent type: 0; subtype: 0; to window: <UIWindow: 0x10146ac00>; contextId: 0xDB2F7816
default	21:45:21.619184-0500	projectm-tv	Sending UIEvent type: 0; subtype: 0; to window: <UIWindow: 0x10146ac00>; contextId: 0xDB2F7816
default	21:45:21.640414-0500	projectm-tv	Evaluating dispatch of UIEvent: 0x1052dd600; type: 3; subtype: 0; backing type: 3; shouldSend: 1; ignoreInteractionEvents: 0, systemGestureStateChange: 0
default	21:45:21.640535-0500	projectm-tv	Sending UIEvent type: 3; subtype: 0; to windows: 1
default	21:45:21.640458-0500	projectm-tv	Evaluating dispatch of UIEvent: 0x1052dd600; type: 3; subtype: 0; backing type: 3; shouldSend: 1; ignoreInteractionEvents: 0, systemGestureStateChange: 0
default	21:45:21.640578-0500	projectm-tv	Sending UIEvent type: 3; subtype: 0; to window: <UIWindow: 0x10146ac00>; contextId: 0xDB2F7816
default	21:45:21.640552-0500	projectm-tv	Sending UIEvent type: 3; subtype: 0; to windows: 1
default	21:45:21.640594-0500	projectm-tv	Sending UIEvent type: 3; subtype: 0; to window: <UIWindow: 0x10146ac00>; contextId: 0xDB2F7816
default	21:45:21.657454-0500	projectm-tv	[0x105056a00] activating connection: mach=true listener=false peer=false name=com.apple.audio.SystemSoundServer-iOS
default	21:45:21.657470-0500	projectm-tv	[0x105056a00] activating connection: mach=true listener=false peer=false name=com.apple.audio.SystemSoundServer-iOS
default	21:45:21.681556-0500	projectm-tv	Evaluating dispatch of UIEvent: 0x1052fe880; type: 0; subtype: 0; backing type: 11; shouldSend: 1; ignoreInteractionEvents: 0, systemGestureStateChange: 0
default	21:45:21.682872-0500	projectm-tv	Sending UIEvent type: 0; subtype: 0; to windows: 1
default	21:45:21.682974-0500	projectm-tv	Sending UIEvent type: 0; subtype: 0; to window: <UIWindow: 0x10146ac00>; contextId: 0xDB2F7816
default	21:45:21.681600-0500	projectm-tv	Evaluating dispatch of UIEvent: 0x1052fe880; type: 0; subtype: 0; backing type: 11; shouldSend: 1; ignoreInteractionEvents: 0, systemGestureStateChange: 0
default	21:45:21.682908-0500	projectm-tv	Sending UIEvent type: 0; subtype: 0; to windows: 1
default	21:45:21.682991-0500	projectm-tv	Sending UIEvent type: 0; subtype: 0; to window: <UIWindow: 0x10146ac00>; contextId: 0xDB2F7816
default	21:45:21.721880-0500	projectm-tv	Evaluating dispatch of UIEvent: 0x1052dd600; type: 3; subtype: 0; backing type: 3; shouldSend: 1; ignoreInteractionEvents: 0, systemGestureStateChange: 0
default	21:45:21.721915-0500	projectm-tv	Evaluating dispatch of UIEvent: 0x1052dd600; type: 3; subtype: 0; backing type: 3; shouldSend: 1; ignoreInteractionEvents: 0, systemGestureStateChange: 0
default	21:45:21.721967-0500	projectm-tv	Sending UIEvent type: 3; subtype: 0; to windows: 1
default	21:45:21.721982-0500	projectm-tv	Sending UIEvent type: 3; subtype: 0; to windows: 1
default	21:45:21.722039-0500	projectm-tv	Sending UIEvent type: 3; subtype: 0; to window: <UIWindow: 0x10146ac00>; contextId: 0xDB2F7816
default	21:45:21.722057-0500	projectm-tv	Sending UIEvent type: 3; subtype: 0; to window: <UIWindow: 0x10146ac00>; contextId: 0xDB2F7816
default	21:45:21.838119-0500	projectm-tv	Evaluating dispatch of UIEvent: 0x1052dd600; type: 3; subtype: 0; backing type: 3; shouldSend: 1; ignoreInteractionEvents: 0, systemGestureStateChange: 0
default	21:45:21.838159-0500	projectm-tv	Evaluating dispatch of UIEvent: 0x1052dd600; type: 3; subtype: 0; backing type: 3; shouldSend: 1; ignoreInteractionEvents: 0, systemGestureStateChange: 0
default	21:45:21.838190-0500	projectm-tv	Sending UIEvent type: 3; subtype: 0; to windows: 1
default	21:45:21.838486-0500	projectm-tv	Sending UIEvent type: 3; subtype: 0; to window: <UIWindow: 0x10146ac00>; contextId: 0xDB2F7816
default	21:45:21.838205-0500	projectm-tv	Sending UIEvent type: 3; subtype: 0; to windows: 1
default	21:45:21.838521-0500	projectm-tv	Sending UIEvent type: 3; subtype: 0; to window: <UIWindow: 0x10146ac00>; contextId: 0xDB2F7816
default	21:45:21.964183-0500	projectm-tv	Evaluating dispatch of UIEvent: 0x1052dd600; type: 3; subtype: 0; backing type: 3; shouldSend: 1; ignoreInteractionEvents: 0, systemGestureStateChange: 0
default	21:45:21.964555-0500	projectm-tv	Sending UIEvent type: 3; subtype: 0; to windows: 1
default	21:45:21.964627-0500	projectm-tv	Sending UIEvent type: 3; subtype: 0; to window: <UIWindow: 0x10146ac00>; contextId: 0xDB2F7816
default	21:45:21.964200-0500	projectm-tv	Evaluating dispatch of UIEvent: 0x1052dd600; type: 3; subtype: 0; backing type: 3; shouldSend: 1; ignoreInteractionEvents: 0, systemGestureStateChange: 0
default	21:45:21.964574-0500	projectm-tv	Sending UIEvent type: 3; subtype: 0; to windows: 1
default	21:45:21.964643-0500	projectm-tv	Sending UIEvent type: 3; subtype: 0; to window: <UIWindow: 0x10146ac00>; contextId: 0xDB2F7816
default	21:45:22.494800-0500	projectm-tv	Evaluating dispatch of UIEvent: 0x1052fe880; type: 0; subtype: 0; backing type: 11; shouldSend: 0; ignoreInteractionEvents: 0, systemGestureStateChange: 0
default	21:45:22.494770-0500	projectm-tv	Evaluating dispatch of UIEvent: 0x1052fe880; type: 0; subtype: 0; backing type: 11; shouldSend: 0; ignoreInteractionEvents: 0, systemGestureStateChange: 0
default	21:45:22.509159-0500	projectm-tv	Evaluating dispatch of UIEvent: 0x1052fe880; type: 0; subtype: 0; backing type: 11; shouldSend: 1; ignoreInteractionEvents: 0, systemGestureStateChange: 0
default	21:45:22.509202-0500	projectm-tv	Sending UIEvent type: 0; subtype: 0; to windows: 1
default	21:45:22.509243-0500	projectm-tv	Sending UIEvent type: 0; subtype: 0; to window: <UIWindow: 0x10146ac00>; contextId: 0xDB2F7816
default	21:45:22.509133-0500	projectm-tv	Evaluating dispatch of UIEvent: 0x1052fe880; type: 0; subtype: 0; backing type: 11; shouldSend: 1; ignoreInteractionEvents: 0, systemGestureStateChange: 0
default	21:45:22.509185-0500	projectm-tv	Sending UIEvent type: 0; subtype: 0; to windows: 1
default	21:45:22.509227-0500	projectm-tv	Sending UIEvent type: 0; subtype: 0; to window: <UIWindow: 0x10146ac00>; contextId: 0xDB2F7816
default	21:45:22.526261-0500	projectm-tv	Evaluating dispatch of UIEvent: 0x1052fe880; type: 0; subtype: 0; backing type: 11; shouldSend: 1; ignoreInteractionEvents: 0, systemGestureStateChange: 0
default	21:45:22.526314-0500	projectm-tv	Sending UIEvent type: 0; subtype: 0; to windows: 1
default	21:45:22.526356-0500	projectm-tv	Sending UIEvent type: 0; subtype: 0; to window: <UIWindow: 0x10146ac00>; contextId: 0xDB2F7816
default	21:45:22.526120-0500	projectm-tv	Evaluating dispatch of UIEvent: 0x1052fe880; type: 0; subtype: 0; backing type: 11; shouldSend: 1; ignoreInteractionEvents: 0, systemGestureStateChange: 0
default	21:45:22.526294-0500	projectm-tv	Sending UIEvent type: 0; subtype: 0; to windows: 1
default	21:45:22.526340-0500	projectm-tv	Sending UIEvent type: 0; subtype: 0; to window: <UIWindow: 0x10146ac00>; contextId: 0xDB2F7816
default	21:45:22.545650-0500	projectm-tv	Evaluating dispatch of UIEvent: 0x1052fe880; type: 0; subtype: 0; backing type: 11; shouldSend: 1; ignoreInteractionEvents: 0, systemGestureStateChange: 0
default	21:45:22.545629-0500	projectm-tv	Evaluating dispatch of UIEvent: 0x1052fe880; type: 0; subtype: 0; backing type: 11; shouldSend: 1; ignoreInteractionEvents: 0, systemGestureStateChange: 0
default	21:45:22.545797-0500	projectm-tv	Sending UIEvent type: 0; subtype: 0; to windows: 1
default	21:45:22.545778-0500	projectm-tv	Sending UIEvent type: 0; subtype: 0; to windows: 1
default	21:45:22.545874-0500	projectm-tv	Sending UIEvent type: 0; subtype: 0; to window: <UIWindow: 0x10146ac00>; contextId: 0xDB2F7816
default	21:45:22.545856-0500	projectm-tv	Sending UIEvent type: 0; subtype: 0; to window: <UIWindow: 0x10146ac00>; contextId: 0xDB2F7816
default	21:45:22.546034-0500	projectm-tv	Evaluating dispatch of UIEvent: 0x1052dd600; type: 3; subtype: 0; backing type: 3; shouldSend: 1; ignoreInteractionEvents: 0, systemGestureStateChange: 0
default	21:45:22.546017-0500	projectm-tv	Evaluating dispatch of UIEvent: 0x1052dd600; type: 3; subtype: 0; backing type: 3; shouldSend: 1; ignoreInteractionEvents: 0, systemGestureStateChange: 0
default	21:45:22.546112-0500	projectm-tv	Sending UIEvent type: 3; subtype: 0; to windows: 1
default	21:45:22.546097-0500	projectm-tv	Sending UIEvent type: 3; subtype: 0; to windows: 1
default	21:45:22.546190-0500	projectm-tv	Sending UIEvent type: 3; subtype: 0; to window: <UIWindow: 0x10146ac00>; contextId: 0xDB2F7816
default	21:45:22.546170-0500	projectm-tv	Sending UIEvent type: 3; subtype: 0; to window: <UIWindow: 0x10146ac00>; contextId: 0xDB2F7816
default	21:45:22.597512-0500	projectm-tv	Evaluating dispatch of UIEvent: 0x1052fe880; type: 0; subtype: 0; backing type: 11; shouldSend: 1; ignoreInteractionEvents: 0, systemGestureStateChange: 0
default	21:45:22.597652-0500	projectm-tv	Sending UIEvent type: 0; subtype: 0; to windows: 1
default	21:45:22.597783-0500	projectm-tv	Sending UIEvent type: 0; subtype: 0; to window: <UIWindow: 0x10146ac00>; contextId: 0xDB2F7816
default	21:45:22.597604-0500	projectm-tv	Evaluating dispatch of UIEvent: 0x1052fe880; type: 0; subtype: 0; backing type: 11; shouldSend: 1; ignoreInteractionEvents: 0, systemGestureStateChange: 0
default	21:45:22.597667-0500	projectm-tv	Sending UIEvent type: 0; subtype: 0; to windows: 1
default	21:45:22.597805-0500	projectm-tv	Sending UIEvent type: 0; subtype: 0; to window: <UIWindow: 0x10146ac00>; contextId: 0xDB2F7816
default	21:45:22.610704-0500	projectm-tv	Evaluating dispatch of UIEvent: 0x1052fe880; type: 0; subtype: 0; backing type: 11; shouldSend: 1; ignoreInteractionEvents: 0, systemGestureStateChange: 0
default	21:45:22.610814-0500	projectm-tv	Sending UIEvent type: 0; subtype: 0; to windows: 1
default	21:45:22.610908-0500	projectm-tv	Sending UIEvent type: 0; subtype: 0; to window: <UIWindow: 0x10146ac00>; contextId: 0xDB2F7816
default	21:45:22.610727-0500	projectm-tv	Evaluating dispatch of UIEvent: 0x1052fe880; type: 0; subtype: 0; backing type: 11; shouldSend: 1; ignoreInteractionEvents: 0, systemGestureStateChange: 0
default	21:45:22.610829-0500	projectm-tv	Sending UIEvent type: 0; subtype: 0; to windows: 1
default	21:45:22.610925-0500	projectm-tv	Sending UIEvent type: 0; subtype: 0; to window: <UIWindow: 0x10146ac00>; contextId: 0xDB2F7816
default	21:45:22.622664-0500	projectm-tv	Evaluating dispatch of UIEvent: 0x1052fe880; type: 0; subtype: 0; backing type: 11; shouldSend: 1; ignoreInteractionEvents: 0, systemGestureStateChange: 0
default	21:45:22.622747-0500	projectm-tv	Sending UIEvent type: 0; subtype: 0; to windows: 1
default	21:45:22.622834-0500	projectm-tv	Sending UIEvent type: 0; subtype: 0; to window: <UIWindow: 0x10146ac00>; contextId: 0xDB2F7816
default	21:45:22.622689-0500	projectm-tv	Evaluating dispatch of UIEvent: 0x1052fe880; type: 0; subtype: 0; backing type: 11; shouldSend: 1; ignoreInteractionEvents: 0, systemGestureStateChange: 0
default	21:45:22.622764-0500	projectm-tv	Sending UIEvent type: 0; subtype: 0; to windows: 1
default	21:45:22.622858-0500	projectm-tv	Sending UIEvent type: 0; subtype: 0; to window: <UIWindow: 0x10146ac00>; contextId: 0xDB2F7816
default	21:45:22.635713-0500	projectm-tv	Evaluating dispatch of UIEvent: 0x1052dd600; type: 3; subtype: 0; backing type: 3; shouldSend: 1; ignoreInteractionEvents: 0, systemGestureStateChange: 0
default	21:45:22.635730-0500	projectm-tv	Evaluating dispatch of UIEvent: 0x1052dd600; type: 3; subtype: 0; backing type: 3; shouldSend: 1; ignoreInteractionEvents: 0, systemGestureStateChange: 0
default	21:45:22.635791-0500	projectm-tv	Sending UIEvent type: 3; subtype: 0; to windows: 1
default	21:45:22.635776-0500	projectm-tv	Sending UIEvent type: 3; subtype: 0; to windows: 1
default	21:45:22.635839-0500	projectm-tv	Sending UIEvent type: 3; subtype: 0; to window: <UIWindow: 0x10146ac00>; contextId: 0xDB2F7816
default	21:45:22.635857-0500	projectm-tv	Sending UIEvent type: 3; subtype: 0; to window: <UIWindow: 0x10146ac00>; contextId: 0xDB2F7816
default	21:45:22.639815-0500	projectm-tv	networkd_settings_read_from_file_locked initialized networkd settings by reading plist directly
default	21:45:22.639913-0500	projectm-tv	networkd_settings_read_from_file_locked initialized networkd settings by reading plist directly
default	21:45:22.640012-0500	projectm-tv	networkd_settings_read_from_file_locked initialized networkd settings by reading plist directly
default	21:45:22.639997-0500	projectm-tv	networkd_settings_read_from_file_locked initialized networkd settings by reading plist directly
default	21:45:22.641284-0500	projectm-tv	[L1 tcp, definite, server, attribution: developer, reuse local address, context: Default Network Context (private), proc: BC39F6D5-FE31-3289-B1BC-E2AB664AE442, delegated upid: 0, local address: ::.9999] start
default	21:45:22.641311-0500	projectm-tv	[L1 tcp, definite, server, attribution: developer, reuse local address, context: Default Network Context (private), proc: BC39F6D5-FE31-3289-B1BC-E2AB664AE442, delegated upid: 0, local address: ::.9999] start
default	21:45:22.647476-0500	projectm-tv	nw_listener_reconcile_inboxes_on_queue_block_invoke [L1] Started inbox flow: 31499DEF-D194-4275-8E49-C8E9BCAEA3D5 interface: en1, assigned, local: ::.9999, scope: 7, protocol: 6 with parameters tcp, local: ::.9999, definite, attribution: developer, server
default	21:45:22.647491-0500	projectm-tv	nw_listener_reconcile_inboxes_on_queue_block_invoke [L1] Started inbox flow: 31499DEF-D194-4275-8E49-C8E9BCAEA3D5 interface: en1, assigned, local: ::.9999, scope: 7, protocol: 6 with parameters tcp, local: ::.9999, definite, attribution: developer, server
default	21:45:22.648013-0500	projectm-tv	Metal API Validation Enabled
default	21:45:22.647998-0500	projectm-tv	Metal API Validation Enabled
default	21:45:22.648319-0500	projectm-tv	nw_listener_reconcile_inboxes_on_queue_block_invoke [L1] Started inbox flow: 5B3D3E14-1D16-41A6-A079-257AACDA1ECC interface: en0, assigned, local: ::.9999, scope: 2, protocol: 6 with parameters tcp, local: ::.9999, definite, attribution: developer, server
default	21:45:22.648255-0500	projectm-tv	nw_listener_reconcile_inboxes_on_queue_block_invoke [L1] Started inbox flow: 5B3D3E14-1D16-41A6-A079-257AACDA1ECC interface: en0, assigned, local: ::.9999, scope: 2, protocol: 6 with parameters tcp, local: ::.9999, definite, attribution: developer, server
default	21:45:22.648786-0500	projectm-tv	nw_listener_reconcile_inboxes_on_queue_block_invoke [L1] Started inbox flow: A4AB4864-219E-4905-B557-09398C55E29E interface: awdl0, assigned, local: ::.9999, scope: 11, protocol: 6 with parameters tcp, local: ::.9999, definite, attribution: developer, server
default	21:45:22.648802-0500	projectm-tv	nw_listener_reconcile_inboxes_on_queue_block_invoke [L1] Started inbox flow: A4AB4864-219E-4905-B557-09398C55E29E interface: awdl0, assigned, local: ::.9999, scope: 11, protocol: 6 with parameters tcp, local: ::.9999, definite, attribution: developer, server
default	21:45:22.649173-0500	projectm-tv	nw_listener_reconcile_inboxes_on_queue_block_invoke [L1] Started inbox flow: DC83B810-46F9-42AD-ACE9-D3444C080E53 interface: en2, assigned, local: ::.9999, scope: 9, protocol: 6 with parameters tcp, local: ::.9999, definite, attribution: developer, server
default	21:45:22.649158-0500	projectm-tv	nw_listener_reconcile_inboxes_on_queue_block_invoke [L1] Started inbox flow: DC83B810-46F9-42AD-ACE9-D3444C080E53 interface: en2, assigned, local: ::.9999, scope: 9, protocol: 6 with parameters tcp, local: ::.9999, definite, attribution: developer, server
default	21:45:22.684516-0500	projectm-tv	[0x10d0c9380] activating connection: mach=false listener=false peer=false name=com.apple.MTLCompilerService
default	21:45:22.684492-0500	projectm-tv	[0x10d0c9380] activating connection: mach=false listener=false peer=false name=com.apple.MTLCompilerService
default	21:45:22.687670-0500	projectm-tv	[0x10d0c9500] activating connection: mach=false listener=false peer=false name=com.apple.MTLCompilerService
default	21:45:22.687650-0500	projectm-tv	[0x10d0c9500] activating connection: mach=false listener=false peer=false name=com.apple.MTLCompilerService
default	21:45:22.936117-0500	projectm-tv	Pixel format registry initialized. Constant classes enabled.
default	21:45:22.936104-0500	projectm-tv	Pixel format registry initialized. Constant classes enabled.
fault	21:45:22.939559-0500	projectm-tv	Publishing changes from within view updates is not allowed, this will cause undefined behavior.
fault	21:45:22.939677-0500	projectm-tv	Publishing changes from within view updates is not allowed, this will cause undefined behavior.
fault	21:45:22.939547-0500	projectm-tv	Publishing changes from within view updates is not allowed, this will cause undefined behavior.
fault	21:45:22.939790-0500	projectm-tv	Publishing changes from within view updates is not allowed, this will cause undefined behavior.
fault	21:45:22.939663-0500	projectm-tv	Publishing changes from within view updates is not allowed, this will cause undefined behavior.
fault	21:45:22.939987-0500	projectm-tv	Publishing changes from within view updates is not allowed, this will cause undefined behavior.
fault	21:45:22.939778-0500	projectm-tv	Publishing changes from within view updates is not allowed, this will cause undefined behavior.
fault	21:45:22.940113-0500	projectm-tv	Publishing changes from within view updates is not allowed, this will cause undefined behavior.
fault	21:45:22.939903-0500	projectm-tv	Publishing changes from within view updates is not allowed, this will cause undefined behavior.
fault	21:45:22.940099-0500	projectm-tv	Publishing changes from within view updates is not allowed, this will cause undefined behavior.
default	21:45:22.948827-0500	projectm-tv	Hang detected: 0.35s (always-on hang reporting)
default	21:45:22.949004-0500	projectm-tv	Evaluating dispatch of UIEvent: 0x1052fe880; type: 0; subtype: 0; backing type: 11; shouldSend: 1; ignoreInteractionEvents: 0, systemGestureStateChange: 0
default	21:45:22.949079-0500	projectm-tv	Sending UIEvent type: 0; subtype: 0; to windows: 1
default	21:45:22.949146-0500	projectm-tv	Sending UIEvent type: 0; subtype: 0; to window: <UIWindow: 0x10146ac00>; contextId: 0xDB2F7816
default	21:45:22.949280-0500	projectm-tv	Evaluating dispatch of UIEvent: 0x1052fe880; type: 0; subtype: 0; backing type: 11; shouldSend: 0; ignoreInteractionEvents: 0, systemGestureStateChange: 0
default	21:45:22.949897-0500	projectm-tv	[0x105302b80] activating connection: mach=true listener=false peer=false name=com.apple.analyticsd
default	21:45:22.948842-0500	projectm-tv	Hang detected: 0.35s (always-on hang reporting)
default	21:45:22.949023-0500	projectm-tv	Evaluating dispatch of UIEvent: 0x1052fe880; type: 0; subtype: 0; backing type: 11; shouldSend: 1; ignoreInteractionEvents: 0, systemGestureStateChange: 0
default	21:45:22.949095-0500	projectm-tv	Sending UIEvent type: 0; subtype: 0; to windows: 1
default	21:45:22.949165-0500	projectm-tv	Sending UIEvent type: 0; subtype: 0; to window: <UIWindow: 0x10146ac00>; contextId: 0xDB2F7816
default	21:45:22.949297-0500	projectm-tv	Evaluating dispatch of UIEvent: 0x1052fe880; type: 0; subtype: 0; backing type: 11; shouldSend: 0; ignoreInteractionEvents: 0, systemGestureStateChange: 0
default	21:45:22.949914-0500	projectm-tv	[0x105302b80] activating connection: mach=true listener=false peer=false name=com.apple.analyticsd
default	21:45:22.963110-0500	projectm-tv	Received configuration update from daemon (initial)
default	21:45:22.963093-0500	projectm-tv	Received configuration update from daemon (initial)
default	21:45:34.721487-0500	projectm-tv	[C1 192.168.40.31:53582 initial channel-flow (satisfied (Path is satisfied), interface: en1[802.11], scoped, ipv4, dns, uses wifi, LQM: good)] event: flow:start_nexus @87738.478s
default	21:45:34.721934-0500	projectm-tv	[C1 192.168.40.31:53582 initial channel-flow (satisfied (Path is satisfied), viable, interface: en1[802.11], scoped, ipv4, dns, uses wifi, LQM: good)] event: flow:receive_nexus @87738.479s
default	21:45:34.722218-0500	projectm-tv	user_tcp_init_all_block_invoke g_tcp_nw_assert_context is false value -1
default	21:45:34.721507-0500	projectm-tv	[C1 192.168.40.31:53582 initial channel-flow (satisfied (Path is satisfied), interface: en1[802.11], scoped, ipv4, dns, uses wifi, LQM: good)] event: flow:start_nexus @87738.478s
default	21:45:34.721952-0500	projectm-tv	[C1 192.168.40.31:53582 initial channel-flow (satisfied (Path is satisfied), viable, interface: en1[802.11], scoped, ipv4, dns, uses wifi, LQM: good)] event: flow:receive_nexus @87738.479s
default	21:45:34.722233-0500	projectm-tv	user_tcp_init_all_block_invoke g_tcp_nw_assert_context is false value -1
default	21:45:34.723489-0500	projectm-tv	-[NWConcrete_nw_listener handleInbound:addProtocolInbox:] [L1] Handling inbound connection (add inbox 0) [C1 192.168.40.31:53582 tcp, local: 192.168.40.22:9999, definite, attribution: developer, server, path satisfied (Path is satisfied), viable, interface: en1[802.11], scoped, ipv4, dns, uses wifi, LQM: good]
default	21:45:34.723504-0500	projectm-tv	-[NWConcrete_nw_listener handleInbound:addProtocolInbox:] [L1] Handling inbound connection (add inbox 0) [C1 192.168.40.31:53582 tcp, local: 192.168.40.22:9999, definite, attribution: developer, server, path satisfied (Path is satisfied), viable, interface: en1[802.11], scoped, ipv4, dns, uses wifi, LQM: good]
default	21:45:34.724514-0500	projectm-tv	[C1 59C208F2-2119-44AF-86F7-531DD547ECB7 192.168.40.31:53582 tcp, definite, server, attribution: developer, reuse local address, context: Default Network Context (private), proc: BC39F6D5-FE31-3289-B1BC-E2AB664AE442, delegated upid: 0, local address: 192.168.40.22:9999] start
default	21:45:34.724695-0500	projectm-tv	[C1 192.168.40.31:53582 initial channel-flow (satisfied (Path is satisfied), viable, interface: en1[802.11], scoped, ipv4, dns, uses wifi, LQM: good)] event: path:start @0.000s
default	21:45:34.724844-0500	projectm-tv	[C1 192.168.40.31:53582 waiting channel-flow (satisfied (Path is satisfied), viable, interface: en1[802.11], scoped, ipv4, dns, uses wifi, LQM: good)] event: path:satisfied @0.000s, uuid: D40AC67A-2D90-41F4-BD28-1C0E414A9654
default	21:45:34.725104-0500	projectm-tv	[C1 192.168.40.31:53582 in_progress channel-flow (satisfied (Path is satisfied), viable, interface: en1[802.11], scoped, ipv4, dns, uses wifi, LQM: good)] event: flow:start_connect @0.000s
default	21:45:34.725181-0500	projectm-tv	nw_connection_report_state_with_handler_on_nw_queue [C1] reporting state preparing
default	21:45:34.724533-0500	projectm-tv	[C1 59C208F2-2119-44AF-86F7-531DD547ECB7 192.168.40.31:53582 tcp, definite, server, attribution: developer, reuse local address, context: Default Network Context (private), proc: BC39F6D5-FE31-3289-B1BC-E2AB664AE442, delegated upid: 0, local address: 192.168.40.22:9999] start
default	21:45:34.724714-0500	projectm-tv	[C1 192.168.40.31:53582 initial channel-flow (satisfied (Path is satisfied), viable, interface: en1[802.11], scoped, ipv4, dns, uses wifi, LQM: good)] event: path:start @0.000s
default	21:45:34.725707-0500	projectm-tv	tcp_input [C1:1] flags=[S] seq=1474704722, ack=0, win=65535 state=LISTEN rcv_nxt=0, snd_una=0
default	21:45:34.725837-0500	projectm-tv	tcp_output [C1:1] flags=[S.] seq=122879788, ack=1474704723, win=65535 state=SYN_RCVD rcv_nxt=1474704723, snd_una=122879788
default	21:45:34.724885-0500	projectm-tv	[C1 192.168.40.31:53582 waiting channel-flow (satisfied (Path is satisfied), viable, interface: en1[802.11], scoped, ipv4, dns, uses wifi, LQM: good)] event: path:satisfied @0.000s, uuid: D40AC67A-2D90-41F4-BD28-1C0E414A9654
default	21:45:34.725125-0500	projectm-tv	[C1 192.168.40.31:53582 in_progress channel-flow (satisfied (Path is satisfied), viable, interface: en1[802.11], scoped, ipv4, dns, uses wifi, LQM: good)] event: flow:start_connect @0.000s
default	21:45:34.725197-0500	projectm-tv	nw_connection_report_state_with_handler_on_nw_queue [C1] reporting state preparing
default	21:45:34.725754-0500	projectm-tv	tcp_input [C1:1] flags=[S] seq=1474704722, ack=0, win=65535 state=LISTEN rcv_nxt=0, snd_una=0
default	21:45:34.725881-0500	projectm-tv	tcp_output [C1:1] flags=[S.] seq=122879788, ack=1474704723, win=65535 state=SYN_RCVD rcv_nxt=1474704723, snd_una=122879788
default	21:45:34.740762-0500	projectm-tv	nw_flow_connected [C1 192.168.40.31:53582 in_progress channel-flow (satisfied (Path is satisfied), viable, interface: en1[802.11], scoped, ipv4, dns, uses wifi, LQM: good)] Output protocol connected (tcp)
default	21:45:34.741450-0500	projectm-tv	[C1 192.168.40.31:53582 ready channel-flow (satisfied (Path is satisfied), viable, interface: en1[802.11], scoped, ipv4, dns, uses wifi, LQM: good)] event: flow:finish_connect @0.014s
default	21:45:34.740731-0500	projectm-tv	nw_flow_connected [C1 192.168.40.31:53582 in_progress channel-flow (satisfied (Path is satisfied), viable, interface: en1[802.11], scoped, ipv4, dns, uses wifi, LQM: good)] Output protocol connected (tcp)
default	21:45:34.742059-0500	projectm-tv	nw_connection_report_state_with_handler_on_nw_queue [C1] reporting state ready
default	21:45:34.742197-0500	projectm-tv	[C1 192.168.40.31:53582 ready channel-flow (satisfied (Path is satisfied), viable, interface: en1[802.11], scoped, ipv4, dns, uses wifi, LQM: good)] event: flow:changed_viability @0.016s
default	21:45:34.741430-0500	projectm-tv	[C1 192.168.40.31:53582 ready channel-flow (satisfied (Path is satisfied), viable, interface: en1[802.11], scoped, ipv4, dns, uses wifi, LQM: good)] event: flow:finish_connect @0.014s
default	21:45:34.742043-0500	projectm-tv	nw_connection_report_state_with_handler_on_nw_queue [C1] reporting state ready
default	21:45:34.742177-0500	projectm-tv	[C1 192.168.40.31:53582 ready channel-flow (satisfied (Path is satisfied), viable, interface: en1[802.11], scoped, ipv4, dns, uses wifi, LQM: good)] event: flow:changed_viability @0.016s
default	21:45:42.340609-0500	projectm-tv	Evaluating dispatch of UIEvent: 0x1052fe880; type: 0; subtype: 0; backing type: 11; shouldSend: 0; ignoreInteractionEvents: 0, systemGestureStateChange: 0
default	21:45:42.340636-0500	projectm-tv	Evaluating dispatch of UIEvent: 0x1052fe880; type: 0; subtype: 0; backing type: 11; shouldSend: 0; ignoreInteractionEvents: 0, systemGestureStateChange: 0
default	21:45:43.796699-0500	projectm-tv	Evaluating dispatch of UIEvent: 0x1052fe880; type: 0; subtype: 0; backing type: 11; shouldSend: 1; ignoreInteractionEvents: 0, systemGestureStateChange: 0
default	21:45:43.796749-0500	projectm-tv	Sending UIEvent type: 0; subtype: 0; to windows: 1
default	21:45:43.796854-0500	projectm-tv	Sending UIEvent type: 0; subtype: 0; to window: <UIWindow: 0x10146ac00>; contextId: 0xDB2F7816
default	21:45:43.796681-0500	projectm-tv	Evaluating dispatch of UIEvent: 0x1052fe880; type: 0; subtype: 0; backing type: 11; shouldSend: 1; ignoreInteractionEvents: 0, systemGestureStateChange: 0
default	21:45:43.796732-0500	projectm-tv	Sending UIEvent type: 0; subtype: 0; to windows: 1
default	21:45:43.796838-0500	projectm-tv	Sending UIEvent type: 0; subtype: 0; to window: <UIWindow: 0x10146ac00>; contextId: 0xDB2F7816
default	21:45:50.730418-0500	projectm-tv	Evaluating dispatch of UIEvent: 0x1052fe880; type: 0; subtype: 0; backing type: 11; shouldSend: 1; ignoreInteractionEvents: 0, systemGestureStateChange: 0
default	21:45:50.730484-0500	projectm-tv	Sending UIEvent type: 0; subtype: 0; to windows: 1
default	21:45:50.730551-0500	projectm-tv	Sending UIEvent type: 0; subtype: 0; to window: <UIWindow: 0x10146ac00>; contextId: 0xDB2F7816
default	21:45:50.730392-0500	projectm-tv	Evaluating dispatch of UIEvent: 0x1052fe880; type: 0; subtype: 0; backing type: 11; shouldSend: 1; ignoreInteractionEvents: 0, systemGestureStateChange: 0
default	21:45:50.730468-0500	projectm-tv	Sending UIEvent type: 0; subtype: 0; to windows: 1
default	21:45:50.730535-0500	projectm-tv	Sending UIEvent type: 0; subtype: 0; to window: <UIWindow: 0x10146ac00>; contextId: 0xDB2F7816
default	21:45:50.744422-0500	projectm-tv	Evaluating dispatch of UIEvent: 0x1052fe880; type: 0; subtype: 0; backing type: 11; shouldSend: 1; ignoreInteractionEvents: 0, systemGestureStateChange: 0
default	21:45:50.744609-0500	projectm-tv	Sending UIEvent type: 0; subtype: 0; to windows: 1
default	21:45:50.744446-0500	projectm-tv	Evaluating dispatch of UIEvent: 0x1052fe880; type: 0; subtype: 0; backing type: 11; shouldSend: 1; ignoreInteractionEvents: 0, systemGestureStateChange: 0
default	21:45:50.744744-0500	projectm-tv	Sending UIEvent type: 0; subtype: 0; to window: <UIWindow: 0x10146ac00>; contextId: 0xDB2F7816
default	21:45:50.744623-0500	projectm-tv	Sending UIEvent type: 0; subtype: 0; to windows: 1
default	21:45:50.744793-0500	projectm-tv	Sending UIEvent type: 0; subtype: 0; to window: <UIWindow: 0x10146ac00>; contextId: 0xDB2F7816
default	21:45:50.760946-0500	projectm-tv	Evaluating dispatch of UIEvent: 0x1052fe880; type: 0; subtype: 0; backing type: 11; shouldSend: 1; ignoreInteractionEvents: 0, systemGestureStateChange: 0
default	21:45:50.761018-0500	projectm-tv	Sending UIEvent type: 0; subtype: 0; to windows: 1
default	21:45:50.761082-0500	projectm-tv	Sending UIEvent type: 0; subtype: 0; to window: <UIWindow: 0x10146ac00>; contextId: 0xDB2F7816
default	21:45:50.760963-0500	projectm-tv	Evaluating dispatch of UIEvent: 0x1052fe880; type: 0; subtype: 0; backing type: 11; shouldSend: 1; ignoreInteractionEvents: 0, systemGestureStateChange: 0
default	21:45:50.761034-0500	projectm-tv	Sending UIEvent type: 0; subtype: 0; to windows: 1
default	21:45:50.761100-0500	projectm-tv	Sending UIEvent type: 0; subtype: 0; to window: <UIWindow: 0x10146ac00>; contextId: 0xDB2F7816
default	21:45:50.790288-0500	projectm-tv	Evaluating dispatch of UIEvent: 0x1052fe880; type: 0; subtype: 0; backing type: 11; shouldSend: 1; ignoreInteractionEvents: 0, systemGestureStateChange: 0
default	21:45:50.790329-0500	projectm-tv	Sending UIEvent type: 0; subtype: 0; to windows: 1
default	21:45:50.790370-0500	projectm-tv	Sending UIEvent type: 0; subtype: 0; to window: <UIWindow: 0x10146ac00>; contextId: 0xDB2F7816
default	21:45:50.790307-0500	projectm-tv	Evaluating dispatch of UIEvent: 0x1052fe880; type: 0; subtype: 0; backing type: 11; shouldSend: 1; ignoreInteractionEvents: 0, systemGestureStateChange: 0
default	21:45:50.790345-0500	projectm-tv	Sending UIEvent type: 0; subtype: 0; to windows: 1
default	21:45:50.790390-0500	projectm-tv	Sending UIEvent type: 0; subtype: 0; to window: <UIWindow: 0x10146ac00>; contextId: 0xDB2F7816
default	21:45:50.798988-0500	projectm-tv	Evaluating dispatch of UIEvent: 0x1052fe880; type: 0; subtype: 0; backing type: 11; shouldSend: 1; ignoreInteractionEvents: 0, systemGestureStateChange: 0
default	21:45:50.799057-0500	projectm-tv	Sending UIEvent type: 0; subtype: 0; to windows: 1
default	21:45:50.799005-0500	projectm-tv	Evaluating dispatch of UIEvent: 0x1052fe880; type: 0; subtype: 0; backing type: 11; shouldSend: 1; ignoreInteractionEvents: 0, systemGestureStateChange: 0
default	21:45:50.799216-0500	projectm-tv	Sending UIEvent type: 0; subtype: 0; to window: <UIWindow: 0x10146ac00>; contextId: 0xDB2F7816
default	21:45:50.799071-0500	projectm-tv	Sending UIEvent type: 0; subtype: 0; to windows: 1
default	21:45:50.799235-0500	projectm-tv	Sending UIEvent type: 0; subtype: 0; to window: <UIWindow: 0x10146ac00>; contextId: 0xDB2F7816
default	21:45:50.815258-0500	projectm-tv	Evaluating dispatch of UIEvent: 0x1052fe880; type: 0; subtype: 0; backing type: 11; shouldSend: 1; ignoreInteractionEvents: 0, systemGestureStateChange: 0
default	21:45:50.815335-0500	projectm-tv	Sending UIEvent type: 0; subtype: 0; to windows: 1
default	21:45:50.815375-0500	projectm-tv	Sending UIEvent type: 0; subtype: 0; to window: <UIWindow: 0x10146ac00>; contextId: 0xDB2F7816
default	21:45:50.815232-0500	projectm-tv	Evaluating dispatch of UIEvent: 0x1052fe880; type: 0; subtype: 0; backing type: 11; shouldSend: 1; ignoreInteractionEvents: 0, systemGestureStateChange: 0
default	21:45:50.815320-0500	projectm-tv	Sending UIEvent type: 0; subtype: 0; to windows: 1
default	21:45:50.815356-0500	projectm-tv	Sending UIEvent type: 0; subtype: 0; to window: <UIWindow: 0x10146ac00>; contextId: 0xDB2F7816
default	21:45:50.824320-0500	projectm-tv	Evaluating dispatch of UIEvent: 0x1052fe880; type: 0; subtype: 0; backing type: 11; shouldSend: 1; ignoreInteractionEvents: 0, systemGestureStateChange: 0
default	21:45:50.824421-0500	projectm-tv	Sending UIEvent type: 0; subtype: 0; to windows: 1
default	21:45:50.824527-0500	projectm-tv	Sending UIEvent type: 0; subtype: 0; to window: <UIWindow: 0x10146ac00>; contextId: 0xDB2F7816
default	21:45:50.824290-0500	projectm-tv	Evaluating dispatch of UIEvent: 0x1052fe880; type: 0; subtype: 0; backing type: 11; shouldSend: 1; ignoreInteractionEvents: 0, systemGestureStateChange: 0
default	21:45:50.824405-0500	projectm-tv	Sending UIEvent type: 0; subtype: 0; to windows: 1
default	21:45:50.824511-0500	projectm-tv	Sending UIEvent type: 0; subtype: 0; to window: <UIWindow: 0x10146ac00>; contextId: 0xDB2F7816
default	21:45:50.844511-0500	projectm-tv	Evaluating dispatch of UIEvent: 0x1052fe880; type: 0; subtype: 0; backing type: 11; shouldSend: 1; ignoreInteractionEvents: 0, systemGestureStateChange: 0
default	21:45:50.844573-0500	projectm-tv	Sending UIEvent type: 0; subtype: 0; to windows: 1
default	21:45:50.844538-0500	projectm-tv	Evaluating dispatch of UIEvent: 0x1052fe880; type: 0; subtype: 0; backing type: 11; shouldSend: 1; ignoreInteractionEvents: 0, systemGestureStateChange: 0
default	21:45:50.844640-0500	projectm-tv	Sending UIEvent type: 0; subtype: 0; to window: <UIWindow: 0x10146ac00>; contextId: 0xDB2F7816
default	21:45:50.844588-0500	projectm-tv	Sending UIEvent type: 0; subtype: 0; to windows: 1
default	21:45:50.844656-0500	projectm-tv	Sending UIEvent type: 0; subtype: 0; to window: <UIWindow: 0x10146ac00>; contextId: 0xDB2F7816
default	21:45:50.861555-0500	projectm-tv	Evaluating dispatch of UIEvent: 0x1052fe880; type: 0; subtype: 0; backing type: 11; shouldSend: 1; ignoreInteractionEvents: 0, systemGestureStateChange: 0
default	21:45:50.861591-0500	projectm-tv	Sending UIEvent type: 0; subtype: 0; to windows: 1
default	21:45:50.861721-0500	projectm-tv	Sending UIEvent type: 0; subtype: 0; to window: <UIWindow: 0x10146ac00>; contextId: 0xDB2F7816
default	21:45:50.861536-0500	projectm-tv	Evaluating dispatch of UIEvent: 0x1052fe880; type: 0; subtype: 0; backing type: 11; shouldSend: 1; ignoreInteractionEvents: 0, systemGestureStateChange: 0
default	21:45:50.861574-0500	projectm-tv	Sending UIEvent type: 0; subtype: 0; to windows: 1
default	21:45:50.861654-0500	projectm-tv	Sending UIEvent type: 0; subtype: 0; to window: <UIWindow: 0x10146ac00>; contextId: 0xDB2F7816
default	21:45:50.880610-0500	projectm-tv	Evaluating dispatch of UIEvent: 0x1052fe880; type: 0; subtype: 0; backing type: 11; shouldSend: 1; ignoreInteractionEvents: 0, systemGestureStateChange: 0
default	21:45:50.880656-0500	projectm-tv	Sending UIEvent type: 0; subtype: 0; to windows: 1
default	21:45:50.880629-0500	projectm-tv	Evaluating dispatch of UIEvent: 0x1052fe880; type: 0; subtype: 0; backing type: 11; shouldSend: 1; ignoreInteractionEvents: 0, systemGestureStateChange: 0
default	21:45:50.880671-0500	projectm-tv	Sending UIEvent type: 0; subtype: 0; to windows: 1
default	21:45:50.881021-0500	projectm-tv	Sending UIEvent type: 0; subtype: 0; to window: <UIWindow: 0x10146ac00>; contextId: 0xDB2F7816
default	21:45:50.880999-0500	projectm-tv	Sending UIEvent type: 0; subtype: 0; to window: <UIWindow: 0x10146ac00>; contextId: 0xDB2F7816
default	21:45:50.900599-0500	projectm-tv	Evaluating dispatch of UIEvent: 0x1052fe880; type: 0; subtype: 0; backing type: 11; shouldSend: 1; ignoreInteractionEvents: 0, systemGestureStateChange: 0
default	21:45:50.900635-0500	projectm-tv	Sending UIEvent type: 0; subtype: 0; to windows: 1
default	21:45:50.900675-0500	projectm-tv	Sending UIEvent type: 0; subtype: 0; to window: <UIWindow: 0x10146ac00>; contextId: 0xDB2F7816
default	21:45:50.900583-0500	projectm-tv	Evaluating dispatch of UIEvent: 0x1052fe880; type: 0; subtype: 0; backing type: 11; shouldSend: 1; ignoreInteractionEvents: 0, systemGestureStateChange: 0
default	21:45:50.900619-0500	projectm-tv	Sending UIEvent type: 0; subtype: 0; to windows: 1
default	21:45:50.900657-0500	projectm-tv	Sending UIEvent type: 0; subtype: 0; to window: <UIWindow: 0x10146ac00>; contextId: 0xDB2F7816
default	21:45:50.920789-0500	projectm-tv	Evaluating dispatch of UIEvent: 0x1052fe880; type: 0; subtype: 0; backing type: 11; shouldSend: 1; ignoreInteractionEvents: 0, systemGestureStateChange: 0
default	21:45:50.920851-0500	projectm-tv	Sending UIEvent type: 0; subtype: 0; to windows: 1
default	21:45:50.920917-0500	projectm-tv	Sending UIEvent type: 0; subtype: 0; to window: <UIWindow: 0x10146ac00>; contextId: 0xDB2F7816
default	21:45:50.920772-0500	projectm-tv	Evaluating dispatch of UIEvent: 0x1052fe880; type: 0; subtype: 0; backing type: 11; shouldSend: 1; ignoreInteractionEvents: 0, systemGestureStateChange: 0
default	21:45:50.920838-0500	projectm-tv	Sending UIEvent type: 0; subtype: 0; to windows: 1
default	21:45:50.920901-0500	projectm-tv	Sending UIEvent type: 0; subtype: 0; to window: <UIWindow: 0x10146ac00>; contextId: 0xDB2F7816
default	21:45:50.936064-0500	projectm-tv	Evaluating dispatch of UIEvent: 0x1052fe880; type: 0; subtype: 0; backing type: 11; shouldSend: 1; ignoreInteractionEvents: 0, systemGestureStateChange: 0
default	21:45:50.936105-0500	projectm-tv	Sending UIEvent type: 0; subtype: 0; to windows: 1
default	21:45:50.936145-0500	projectm-tv	Sending UIEvent type: 0; subtype: 0; to window: <UIWindow: 0x10146ac00>; contextId: 0xDB2F7816
default	21:45:50.936041-0500	projectm-tv	Evaluating dispatch of UIEvent: 0x1052fe880; type: 0; subtype: 0; backing type: 11; shouldSend: 1; ignoreInteractionEvents: 0, systemGestureStateChange: 0
default	21:45:50.936089-0500	projectm-tv	Sending UIEvent type: 0; subtype: 0; to windows: 1
default	21:45:50.936129-0500	projectm-tv	Sending UIEvent type: 0; subtype: 0; to window: <UIWindow: 0x10146ac00>; contextId: 0xDB2F7816
default	21:45:50.951306-0500	projectm-tv	Evaluating dispatch of UIEvent: 0x1052fe880; type: 0; subtype: 0; backing type: 11; shouldSend: 1; ignoreInteractionEvents: 0, systemGestureStateChange: 0
default	21:45:50.951369-0500	projectm-tv	Sending UIEvent type: 0; subtype: 0; to windows: 1
default	21:45:50.951343-0500	projectm-tv	Evaluating dispatch of UIEvent: 0x1052fe880; type: 0; subtype: 0; backing type: 11; shouldSend: 1; ignoreInteractionEvents: 0, systemGestureStateChange: 0
default	21:45:50.951385-0500	projectm-tv	Sending UIEvent type: 0; subtype: 0; to windows: 1
default	21:45:50.951442-0500	projectm-tv	Sending UIEvent type: 0; subtype: 0; to window: <UIWindow: 0x10146ac00>; contextId: 0xDB2F7816
default	21:45:50.951459-0500	projectm-tv	Sending UIEvent type: 0; subtype: 0; to window: <UIWindow: 0x10146ac00>; contextId: 0xDB2F7816
default	21:45:50.963170-0500	projectm-tv	Evaluating dispatch of UIEvent: 0x1052fe880; type: 0; subtype: 0; backing type: 11; shouldSend: 1; ignoreInteractionEvents: 0, systemGestureStateChange: 0
default	21:45:50.963195-0500	projectm-tv	Evaluating dispatch of UIEvent: 0x1052fe880; type: 0; subtype: 0; backing type: 11; shouldSend: 1; ignoreInteractionEvents: 0, systemGestureStateChange: 0
default	21:45:50.963334-0500	projectm-tv	Sending UIEvent type: 0; subtype: 0; to windows: 1
default	21:45:50.963347-0500	projectm-tv	Sending UIEvent type: 0; subtype: 0; to windows: 1
default	21:45:50.963463-0500	projectm-tv	Sending UIEvent type: 0; subtype: 0; to window: <UIWindow: 0x10146ac00>; contextId: 0xDB2F7816
default	21:45:50.963479-0500	projectm-tv	Sending UIEvent type: 0; subtype: 0; to window: <UIWindow: 0x10146ac00>; contextId: 0xDB2F7816
default	21:45:50.981061-0500	projectm-tv	Evaluating dispatch of UIEvent: 0x1052fe880; type: 0; subtype: 0; backing type: 11; shouldSend: 1; ignoreInteractionEvents: 0, systemGestureStateChange: 0
default	21:45:50.981481-0500	projectm-tv	Sending UIEvent type: 0; subtype: 0; to windows: 1
default	21:45:50.981787-0500	projectm-tv	Sending UIEvent type: 0; subtype: 0; to window: <UIWindow: 0x10146ac00>; contextId: 0xDB2F7816
default	21:45:50.981120-0500	projectm-tv	Evaluating dispatch of UIEvent: 0x1052fe880; type: 0; subtype: 0; backing type: 11; shouldSend: 1; ignoreInteractionEvents: 0, systemGestureStateChange: 0
default	21:45:50.981540-0500	projectm-tv	Sending UIEvent type: 0; subtype: 0; to windows: 1
default	21:45:50.981803-0500	projectm-tv	Sending UIEvent type: 0; subtype: 0; to window: <UIWindow: 0x10146ac00>; contextId: 0xDB2F7816
default	21:45:50.999373-0500	projectm-tv	Evaluating dispatch of UIEvent: 0x1052fe880; type: 0; subtype: 0; backing type: 11; shouldSend: 1; ignoreInteractionEvents: 0, systemGestureStateChange: 0
default	21:45:50.999444-0500	projectm-tv	Sending UIEvent type: 0; subtype: 0; to windows: 1
default	21:45:51.999511-0500	projectm-tv	Sending UIEvent type: 0; subtype: 0; to window: <UIWindow: 0x10146ac00>; contextId: 0xDB2F7816
default	21:45:50.999349-0500	projectm-tv	Evaluating dispatch of UIEvent: 0x1052fe880; type: 0; subtype: 0; backing type: 11; shouldSend: 1; ignoreInteractionEvents: 0, systemGestureStateChange: 0
default	21:45:50.999428-0500	projectm-tv	Sending UIEvent type: 0; subtype: 0; to windows: 1
default	21:45:50.999495-0500	projectm-tv	Sending UIEvent type: 0; subtype: 0; to window: <UIWindow: 0x10146ac00>; contextId: 0xDB2F7816
default	21:45:51.017154-0500	projectm-tv	Evaluating dispatch of UIEvent: 0x1052fe880; type: 0; subtype: 0; backing type: 11; shouldSend: 1; ignoreInteractionEvents: 0, systemGestureStateChange: 0
default	21:45:51.017189-0500	projectm-tv	Evaluating dispatch of UIEvent: 0x1052fe880; type: 0; subtype: 0; backing type: 11; shouldSend: 1; ignoreInteractionEvents: 0, systemGestureStateChange: 0
default	21:45:51.017246-0500	projectm-tv	Sending UIEvent type: 0; subtype: 0; to windows: 1
default	21:45:51.017285-0500	projectm-tv	Sending UIEvent type: 0; subtype: 0; to window: <UIWindow: 0x10146ac00>; contextId: 0xDB2F7816
default	21:45:51.017261-0500	projectm-tv	Sending UIEvent type: 0; subtype: 0; to windows: 1
default	21:45:51.017302-0500	projectm-tv	Sending UIEvent type: 0; subtype: 0; to window: <UIWindow: 0x10146ac00>; contextId: 0xDB2F7816
default	21:45:51.029737-0500	projectm-tv	Evaluating dispatch of UIEvent: 0x1052fe880; type: 0; subtype: 0; backing type: 11; shouldSend: 1; ignoreInteractionEvents: 0, systemGestureStateChange: 0
default	21:45:51.029772-0500	projectm-tv	Evaluating dispatch of UIEvent: 0x1052fe880; type: 0; subtype: 0; backing type: 11; shouldSend: 1; ignoreInteractionEvents: 0, systemGestureStateChange: 0
default	21:45:51.029830-0500	projectm-tv	Sending UIEvent type: 0; subtype: 0; to windows: 1
default	21:45:51.029846-0500	projectm-tv	Sending UIEvent type: 0; subtype: 0; to windows: 1
default	21:45:51.029898-0500	projectm-tv	Sending UIEvent type: 0; subtype: 0; to window: <UIWindow: 0x10146ac00>; contextId: 0xDB2F7816
default	21:45:51.029916-0500	projectm-tv	Sending UIEvent type: 0; subtype: 0; to window: <UIWindow: 0x10146ac00>; contextId: 0xDB2F7816
default	21:45:51.049595-0500	projectm-tv	Evaluating dispatch of UIEvent: 0x1052fe880; type: 0; subtype: 0; backing type: 11; shouldSend: 1; ignoreInteractionEvents: 0, systemGestureStateChange: 0
default	21:45:51.049655-0500	projectm-tv	Sending UIEvent type: 0; subtype: 0; to windows: 1
default	21:45:51.049782-0500	projectm-tv	Sending UIEvent type: 0; subtype: 0; to window: <UIWindow: 0x10146ac00>; contextId: 0xDB2F7816
default	21:45:51.049631-0500	projectm-tv	Evaluating dispatch of UIEvent: 0x1052fe880; type: 0; subtype: 0; backing type: 11; shouldSend: 1; ignoreInteractionEvents: 0, systemGestureStateChange: 0
default	21:45:51.049671-0500	projectm-tv	Sending UIEvent type: 0; subtype: 0; to windows: 1
default	21:45:51.049829-0500	projectm-tv	Sending UIEvent type: 0; subtype: 0; to window: <UIWindow: 0x10146ac00>; contextId: 0xDB2F7816
default	21:45:51.068059-0500	projectm-tv	Evaluating dispatch of UIEvent: 0x1052fe880; type: 0; subtype: 0; backing type: 11; shouldSend: 1; ignoreInteractionEvents: 0, systemGestureStateChange: 0
default	21:45:51.068275-0500	projectm-tv	Sending UIEvent type: 0; subtype: 0; to windows: 1
default	21:45:51.068344-0500	projectm-tv	Sending UIEvent type: 0; subtype: 0; to window: <UIWindow: 0x10146ac00>; contextId: 0xDB2F7816
default	21:45:51.068023-0500	projectm-tv	Evaluating dispatch of UIEvent: 0x1052fe880; type: 0; subtype: 0; backing type: 11; shouldSend: 1; ignoreInteractionEvents: 0, systemGestureStateChange: 0
default	21:45:51.068262-0500	projectm-tv	Sending UIEvent type: 0; subtype: 0; to windows: 1
default	21:45:51.068326-0500	projectm-tv	Sending UIEvent type: 0; subtype: 0; to window: <UIWindow: 0x10146ac00>; contextId: 0xDB2F7816
default	21:45:51.082586-0500	projectm-tv	Evaluating dispatch of UIEvent: 0x1052fe880; type: 0; subtype: 0; backing type: 11; shouldSend: 1; ignoreInteractionEvents: 0, systemGestureStateChange: 0
default	21:45:51.082664-0500	projectm-tv	Sending UIEvent type: 0; subtype: 0; to windows: 1
default	21:45:51.082731-0500	projectm-tv	Sending UIEvent type: 0; subtype: 0; to window: <UIWindow: 0x10146ac00>; contextId: 0xDB2F7816
default	21:45:51.082612-0500	projectm-tv	Evaluating dispatch of UIEvent: 0x1052fe880; type: 0; subtype: 0; backing type: 11; shouldSend: 1; ignoreInteractionEvents: 0, systemGestureStateChange: 0
default	21:45:51.082679-0500	projectm-tv	Sending UIEvent type: 0; subtype: 0; to windows: 1
default	21:45:51.082748-0500	projectm-tv	Sending UIEvent type: 0; subtype: 0; to window: <UIWindow: 0x10146ac00>; contextId: 0xDB2F7816
default	21:45:51.101747-0500	projectm-tv	Evaluating dispatch of UIEvent: 0x1052fe880; type: 0; subtype: 0; backing type: 11; shouldSend: 1; ignoreInteractionEvents: 0, systemGestureStateChange: 0
default	21:45:51.101787-0500	projectm-tv	Sending UIEvent type: 0; subtype: 0; to windows: 1
default	21:45:51.101828-0500	projectm-tv	Sending UIEvent type: 0; subtype: 0; to window: <UIWindow: 0x10146ac00>; contextId: 0xDB2F7816
default	21:45:51.101722-0500	projectm-tv	Evaluating dispatch of UIEvent: 0x1052fe880; type: 0; subtype: 0; backing type: 11; shouldSend: 1; ignoreInteractionEvents: 0, systemGestureStateChange: 0
default	21:45:51.101772-0500	projectm-tv	Sending UIEvent type: 0; subtype: 0; to windows: 1
default	21:45:51.101810-0500	projectm-tv	Sending UIEvent type: 0; subtype: 0; to window: <UIWindow: 0x10146ac00>; contextId: 0xDB2F7816
default	21:45:51.114552-0500	projectm-tv	Evaluating dispatch of UIEvent: 0x1052fe880; type: 0; subtype: 0; backing type: 11; shouldSend: 1; ignoreInteractionEvents: 0, systemGestureStateChange: 0
default	21:45:51.114821-0500	projectm-tv	Sending UIEvent type: 0; subtype: 0; to windows: 1
default	21:45:51.114902-0500	projectm-tv	Sending UIEvent type: 0; subtype: 0; to window: <UIWindow: 0x10146ac00>; contextId: 0xDB2F7816
default	21:45:51.114526-0500	projectm-tv	Evaluating dispatch of UIEvent: 0x1052fe880; type: 0; subtype: 0; backing type: 11; shouldSend: 1; ignoreInteractionEvents: 0, systemGestureStateChange: 0
default	21:45:51.114805-0500	projectm-tv	Sending UIEvent type: 0; subtype: 0; to windows: 1
default	21:45:51.114883-0500	projectm-tv	Sending UIEvent type: 0; subtype: 0; to window: <UIWindow: 0x10146ac00>; contextId: 0xDB2F7816
default	21:45:51.127162-0500	projectm-tv	Evaluating dispatch of UIEvent: 0x1052fe880; type: 0; subtype: 0; backing type: 11; shouldSend: 1; ignoreInteractionEvents: 0, systemGestureStateChange: 0
default	21:45:51.127265-0500	projectm-tv	Sending UIEvent type: 0; subtype: 0; to windows: 1
default	21:45:51.127417-0500	projectm-tv	Sending UIEvent type: 0; subtype: 0; to window: <UIWindow: 0x10146ac00>; contextId: 0xDB2F7816
default	21:45:51.127130-0500	projectm-tv	Evaluating dispatch of UIEvent: 0x1052fe880; type: 0; subtype: 0; backing type: 11; shouldSend: 1; ignoreInteractionEvents: 0, systemGestureStateChange: 0
default	21:45:51.127250-0500	projectm-tv	Sending UIEvent type: 0; subtype: 0; to windows: 1
default	21:45:51.127396-0500	projectm-tv	Sending UIEvent type: 0; subtype: 0; to window: <UIWindow: 0x10146ac00>; contextId: 0xDB2F7816
default	21:45:51.146864-0500	projectm-tv	Evaluating dispatch of UIEvent: 0x1052fe880; type: 0; subtype: 0; backing type: 11; shouldSend: 1; ignoreInteractionEvents: 0, systemGestureStateChange: 0
default	21:45:51.147360-0500	projectm-tv	Sending UIEvent type: 0; subtype: 0; to windows: 1
default	21:45:51.146956-0500	projectm-tv	Evaluating dispatch of UIEvent: 0x1052fe880; type: 0; subtype: 0; backing type: 11; shouldSend: 1; ignoreInteractionEvents: 0, systemGestureStateChange: 0
default	21:45:51.147586-0500	projectm-tv	Sending UIEvent type: 0; subtype: 0; to window: <UIWindow: 0x10146ac00>; contextId: 0xDB2F7816
default	21:45:51.147380-0500	projectm-tv	Sending UIEvent type: 0; subtype: 0; to windows: 1
default	21:45:51.147604-0500	projectm-tv	Sending UIEvent type: 0; subtype: 0; to window: <UIWindow: 0x10146ac00>; contextId: 0xDB2F7816
default	21:45:51.157450-0500	projectm-tv	Evaluating dispatch of UIEvent: 0x1052fe880; type: 0; subtype: 0; backing type: 11; shouldSend: 1; ignoreInteractionEvents: 0, systemGestureStateChange: 0
default	21:45:51.157516-0500	projectm-tv	Sending UIEvent type: 0; subtype: 0; to windows: 1
default	21:45:51.157587-0500	projectm-tv	Sending UIEvent type: 0; subtype: 0; to window: <UIWindow: 0x10146ac00>; contextId: 0xDB2F7816
default	21:45:51.157428-0500	projectm-tv	Evaluating dispatch of UIEvent: 0x1052fe880; type: 0; subtype: 0; backing type: 11; shouldSend: 1; ignoreInteractionEvents: 0, systemGestureStateChange: 0
default	21:45:51.157500-0500	projectm-tv	Sending UIEvent type: 0; subtype: 0; to windows: 1
default	21:45:51.157571-0500	projectm-tv	Sending UIEvent type: 0; subtype: 0; to window: <UIWindow: 0x10146ac00>; contextId: 0xDB2F7816
default	21:45:51.169656-0500	projectm-tv	Evaluating dispatch of UIEvent: 0x1052fe880; type: 0; subtype: 0; backing type: 11; shouldSend: 1; ignoreInteractionEvents: 0, systemGestureStateChange: 0
default	21:45:51.169672-0500	projectm-tv	Evaluating dispatch of UIEvent: 0x1052fe880; type: 0; subtype: 0; backing type: 11; shouldSend: 1; ignoreInteractionEvents: 0, systemGestureStateChange: 0
default	21:45:51.169759-0500	projectm-tv	Sending UIEvent type: 0; subtype: 0; to windows: 1
default	21:45:51.169773-0500	projectm-tv	Sending UIEvent type: 0; subtype: 0; to windows: 1
default	21:45:51.169851-0500	projectm-tv	Sending UIEvent type: 0; subtype: 0; to window: <UIWindow: 0x10146ac00>; contextId: 0xDB2F7816
default	21:45:51.169867-0500	projectm-tv	Sending UIEvent type: 0; subtype: 0; to window: <UIWindow: 0x10146ac00>; contextId: 0xDB2F7816
default	21:45:51.210063-0500	projectm-tv	Evaluating dispatch of UIEvent: 0x1052fe880; type: 0; subtype: 0; backing type: 11; shouldSend: 1; ignoreInteractionEvents: 0, systemGestureStateChange: 0
default	21:45:51.210170-0500	projectm-tv	Sending UIEvent type: 0; subtype: 0; to windows: 1
default	21:45:51.210243-0500	projectm-tv	Sending UIEvent type: 0; subtype: 0; to window: <UIWindow: 0x10146ac00>; contextId: 0xDB2F7816
default	21:45:51.210045-0500	projectm-tv	Evaluating dispatch of UIEvent: 0x1052fe880; type: 0; subtype: 0; backing type: 11; shouldSend: 1; ignoreInteractionEvents: 0, systemGestureStateChange: 0
default	21:45:51.210155-0500	projectm-tv	Sending UIEvent type: 0; subtype: 0; to windows: 1
default	21:45:51.210227-0500	projectm-tv	Sending UIEvent type: 0; subtype: 0; to window: <UIWindow: 0x10146ac00>; contextId: 0xDB2F7816
default	21:45:51.282202-0500	projectm-tv	Evaluating dispatch of UIEvent: 0x1052fe880; type: 0; subtype: 0; backing type: 11; shouldSend: 0; ignoreInteractionEvents: 0, systemGestureStateChange: 0
default	21:45:51.282162-0500	projectm-tv	Evaluating dispatch of UIEvent: 0x1052fe880; type: 0; subtype: 0; backing type: 11; shouldSend: 0; ignoreInteractionEvents: 0, systemGestureStateChange: 0
default	21:45:52.538788-0500	projectm-tv	Evaluating dispatch of UIEvent: 0x1052fe880; type: 0; subtype: 0; backing type: 11; shouldSend: 1; ignoreInteractionEvents: 0, systemGestureStateChange: 0
default	21:45:52.538856-0500	projectm-tv	Sending UIEvent type: 0; subtype: 0; to windows: 1
default	21:45:52.538928-0500	projectm-tv	Sending UIEvent type: 0; subtype: 0; to window: <UIWindow: 0x10146ac00>; contextId: 0xDB2F7816
default	21:45:52.538768-0500	projectm-tv	Evaluating dispatch of UIEvent: 0x1052fe880; type: 0; subtype: 0; backing type: 11; shouldSend: 1; ignoreInteractionEvents: 0, systemGestureStateChange: 0
default	21:45:52.538840-0500	projectm-tv	Sending UIEvent type: 0; subtype: 0; to windows: 1
default	21:45:52.538911-0500	projectm-tv	Sending UIEvent type: 0; subtype: 0; to window: <UIWindow: 0x10146ac00>; contextId: 0xDB2F7816
default	21:45:52.553519-0500	projectm-tv	Evaluating dispatch of UIEvent: 0x1052fe880; type: 0; subtype: 0; backing type: 11; shouldSend: 1; ignoreInteractionEvents: 0, systemGestureStateChange: 0
default	21:45:52.553595-0500	projectm-tv	Sending UIEvent type: 0; subtype: 0; to windows: 1
default	21:45:52.553658-0500	projectm-tv	Sending UIEvent type: 0; subtype: 0; to window: <UIWindow: 0x10146ac00>; contextId: 0xDB2F7816
default	21:45:52.553544-0500	projectm-tv	Evaluating dispatch of UIEvent: 0x1052fe880; type: 0; subtype: 0; backing type: 11; shouldSend: 1; ignoreInteractionEvents: 0, systemGestureStateChange: 0
default	21:45:52.553608-0500	projectm-tv	Sending UIEvent type: 0; subtype: 0; to windows: 1
default	21:45:52.553674-0500	projectm-tv	Sending UIEvent type: 0; subtype: 0; to window: <UIWindow: 0x10146ac00>; contextId: 0xDB2F7816
default	21:45:52.569561-0500	projectm-tv	Evaluating dispatch of UIEvent: 0x1052fe880; type: 0; subtype: 0; backing type: 11; shouldSend: 1; ignoreInteractionEvents: 0, systemGestureStateChange: 0
default	21:45:52.569628-0500	projectm-tv	Sending UIEvent type: 0; subtype: 0; to windows: 1
default	21:45:52.569693-0500	projectm-tv	Sending UIEvent type: 0; subtype: 0; to window: <UIWindow: 0x10146ac00>; contextId: 0xDB2F7816
default	21:45:52.569523-0500	projectm-tv	Evaluating dispatch of UIEvent: 0x1052fe880; type: 0; subtype: 0; backing type: 11; shouldSend: 1; ignoreInteractionEvents: 0, systemGestureStateChange: 0
default	21:45:52.569612-0500	projectm-tv	Sending UIEvent type: 0; subtype: 0; to windows: 1
default	21:45:52.569677-0500	projectm-tv	Sending UIEvent type: 0; subtype: 0; to window: <UIWindow: 0x10146ac00>; contextId: 0xDB2F7816
default	21:45:52.597040-0500	projectm-tv	Evaluating dispatch of UIEvent: 0x1052fe880; type: 0; subtype: 0; backing type: 11; shouldSend: 0; ignoreInteractionEvents: 0, systemGestureStateChange: 0
default	21:45:52.597076-0500	projectm-tv	Evaluating dispatch of UIEvent: 0x1052fe880; type: 0; subtype: 0; backing type: 11; shouldSend: 0; ignoreInteractionEvents: 0, systemGestureStateChange: 0
default	21:45:52.613864-0500	projectm-tv	Evaluating dispatch of UIEvent: 0x1052fe880; type: 0; subtype: 0; backing type: 11; shouldSend: 0; ignoreInteractionEvents: 0, systemGestureStateChange: 0
default	21:45:52.613840-0500	projectm-tv	Evaluating dispatch of UIEvent: 0x1052fe880; type: 0; subtype: 0; backing type: 11; shouldSend: 0; ignoreInteractionEvents: 0, systemGestureStateChange: 0
default	21:46:46.887285-0500	projectm-tv	tcp_input [C1:1] flags=[F.] seq=1474721139, ack=122879789, win=2059 state=ESTABLISHED rcv_nxt=1474721139, snd_una=122879789
default	21:46:46.887419-0500	projectm-tv	nw_protocol_tcp_log_summary [C1:1] 
	[C7ED7CFE-67E9-4451-80A1-29BE1F966F48 192.168.40.22:9999<->192.168.40.31:53582]
	Init: 1, Conn_Time: 1839150.979ms, SYNs: 0, WR_T: 0/0, RD_T: 0/0, TFO: 0/0/0, ECN: 0/1/0, Accurate ECN (client/server): Disabled/Not requested, TS: 1, TSO: 0
	rtt_cache: process, rtt_upd: 1, rtt: 13.000ms, rtt_var: 6.500ms rtt_nc: 13.000ms, rtt_var_nc: 6.500ms base rtt: 13ms
	ACKs-compressed: 3, ACKs delayed: 0 delayed ACKs sent: 0
default	21:46:46.887341-0500	projectm-tv	tcp_input [C1:1] flags=[F.] seq=1474721139, ack=122879789, win=2059 state=ESTABLISHED rcv_nxt=1474721139, snd_una=122879789
default	21:46:46.887453-0500	projectm-tv	nw_protocol_tcp_log_summary [C1:1] 
	[C7ED7CFE-67E9-4451-80A1-29BE1F966F48 192.168.40.22:9999<->192.168.40.31:53582]
	Init: 1, Conn_Time: 1839150.979ms, SYNs: 0, WR_T: 0/0, RD_T: 0/0, TFO: 0/0/0, ECN: 0/1/0, Accurate ECN (client/server): Disabled/Not requested, TS: 1, TSO: 0
	rtt_cache: process, rtt_upd: 1, rtt: 13.000ms, rtt_var: 6.500ms rtt_nc: 13.000ms, rtt_var_nc: 6.500ms base rtt: 13ms
	ACKs-compressed: 3, ACKs delayed: 0 delayed ACKs sent: 0
default	21:46:52.449289-0500	projectm-tv	[0x106074180] activating connection: mach=true listener=false peer=false name=com.apple.cfprefsd.daemon
default	21:46:52.449268-0500	projectm-tv	[0x106074180] activating connection: mach=true listener=false peer=false name=com.apple.cfprefsd.daemon
default	21:46:52.450155-0500	projectm-tv	[C:1] Alloc com.apple.frontboard.systemappservices
default	21:46:52.450171-0500	projectm-tv	[C:1] Alloc com.apple.frontboard.systemappservices
default	21:46:52.450261-0500	projectm-tv	[0x106074300] activating connection: mach=false listener=false peer=false name=(anonymous)
default	21:46:52.450277-0500	projectm-tv	[0x106074300] activating connection: mach=false listener=false peer=false name=(anonymous)
default	21:46:52.450824-0500	projectm-tv	Cache loaded with 6309 pre-cached in CacheData and 67 items in CacheExtra.
default	21:46:52.450839-0500	projectm-tv	Cache loaded with 6309 pre-cached in CacheData and 67 items in CacheExtra.
default	21:46:52.451548-0500	projectm-tv	Creating new assertion because there is no existing background assertion.
default	21:46:52.451560-0500	projectm-tv	Creating new assertion because there is no existing background assertion.
default	21:46:52.451756-0500	projectm-tv	Creating new background assertion
default	21:46:52.451797-0500	projectm-tv	Created new background assertion <BKSProcessAssertion: 0x1060685f0>
default	21:46:52.451827-0500	projectm-tv	Initializing connection
default	21:46:52.451884-0500	projectm-tv	Removing all cached process handles
default	21:46:52.451950-0500	projectm-tv	Creating connection to com.apple.runningboard
default	21:46:52.452310-0500	projectm-tv	[0x106074480] activating connection: mach=true listener=false peer=false name=com.apple.runningboard
default	21:46:52.452506-0500	projectm-tv	Deactivation reason added: 10; deactivation reasons: 0 -> 1024; animating application lifecycle event: 0
default	21:46:52.452538-0500	projectm-tv	Sending handshake request attempt #1 to server
default	21:46:52.452604-0500	projectm-tv	activating monitor for service com.apple.frontboard.open
default	21:46:52.452862-0500	projectm-tv	activating monitor for service com.apple.frontboard.workspace-service
default	21:46:52.452929-0500	projectm-tv	FBSWorkspace registering source: <private>
default	21:46:52.451673-0500	projectm-tv	Creating new background assertion
default	21:46:52.451781-0500	projectm-tv	Created new background assertion <BKSProcessAssertion: 0x1060685f0>
default	21:46:52.451813-0500	projectm-tv	Initializing connection
default	21:46:52.451869-0500	projectm-tv	Removing all cached process handles
default	21:46:52.451935-0500	projectm-tv	Creating connection to com.apple.runningboard
default	21:46:52.452292-0500	projectm-tv	[0x106074480] activating connection: mach=true listener=false peer=false name=com.apple.runningboard
default	21:46:52.452490-0500	projectm-tv	Deactivation reason added: 10; deactivation reasons: 0 -> 1024; animating application lifecycle event: 0
default	21:46:52.452522-0500	projectm-tv	Sending handshake request attempt #1 to server
default	21:46:52.452589-0500	projectm-tv	activating monitor for service com.apple.frontboard.open
default	21:46:52.452848-0500	projectm-tv	activating monitor for service com.apple.frontboard.workspace-service
default	21:46:52.452915-0500	projectm-tv	FBSWorkspace registering source: <private>
default	21:46:52.453771-0500	projectm-tv	Handshake succeeded
default	21:46:52.453783-0500	projectm-tv	Handshake succeeded
default	21:46:52.455365-0500	projectm-tv	Identity resolved as app<com.joshpointer.applejax(7D990111-3C69-4C33-A672-8639ED62B964)>
default	21:46:52.455379-0500	projectm-tv	Identity resolved as app<com.joshpointer.applejax(7D990111-3C69-4C33-A672-8639ED62B964)>
default	21:46:52.456103-0500	projectm-tv	FBSWorkspace connected to endpoint : <private>
default	21:46:52.456115-0500	projectm-tv	FBSWorkspace connected to endpoint : <private>
default	21:46:52.457216-0500	projectm-tv	<FBSWorkspaceScenesClient:0x106059e00 <private>> attempting immediate handshake from activate
default	21:46:52.457250-0500	projectm-tv	<FBSWorkspaceScenesClient:0x106059e00 <private>> sent handshake
default	21:46:52.457231-0500	projectm-tv	<FBSWorkspaceScenesClient:0x106059e00 <private>> attempting immediate handshake from activate
default	21:46:52.457266-0500	projectm-tv	<FBSWorkspaceScenesClient:0x106059e00 <private>> sent handshake
default	21:46:52.458511-0500	projectm-tv	Added observer for process assertions expiration warning: <_RBSExpirationWarningClient: 0x10608f5c0>
default	21:46:52.458528-0500	projectm-tv	Added observer for process assertions expiration warning: <_RBSExpirationWarningClient: 0x10608f5c0>
default	21:46:52.458656-0500	projectm-tv	Incrementing reference count for background assertion <private>
default	21:46:52.458686-0500	projectm-tv	Created background task <private>.
default	21:46:52.458669-0500	projectm-tv	Incrementing reference count for background assertion <private>
default	21:46:52.458750-0500	projectm-tv	Realizing settings extension _UIApplicationSceneKeyboardSettings on FBSSceneSettings
default	21:46:52.458699-0500	projectm-tv	Created background task <private>.
default	21:46:52.458765-0500	projectm-tv	Realizing settings extension _UIApplicationSceneKeyboardSettings on FBSSceneSettings
default	21:46:52.460935-0500	projectm-tv	Realizing settings extension <_UIRemoteFocusParentSceneClientSettings> on FBSSceneClientSettings
default	21:46:52.461334-0500	projectm-tv	Realizing settings extension <_UIRemoteFocusChildSceneSettings> on FBSSceneSettings
default	21:46:52.460918-0500	projectm-tv	Realizing settings extension <_UIRemoteFocusParentSceneClientSettings> on FBSSceneClientSettings
default	21:46:52.461318-0500	projectm-tv	Realizing settings extension <_UIRemoteFocusChildSceneSettings> on FBSSceneSettings
default	21:46:52.462357-0500	projectm-tv	Realizing settings extension <_UIRemoteFocusChildSceneClientSettings> on FBSSceneClientSettings
default	21:46:52.462373-0500	projectm-tv	Realizing settings extension <_UIRemoteFocusChildSceneClientSettings> on FBSSceneClientSettings
default	21:46:52.462785-0500	projectm-tv	Realizing settings extension _UISceneLayoutPreferencesHostSettingsExtension on FBSSceneSettings
default	21:46:52.462800-0500	projectm-tv	Realizing settings extension _UISceneLayoutPreferencesHostSettingsExtension on FBSSceneSettings
default	21:46:52.464092-0500	projectm-tv	Realizing settings extension _UISceneSafeAreaSettingsExtension on FBSSceneSettings
default	21:46:52.464107-0500	projectm-tv	Realizing settings extension _UISceneSafeAreaSettingsExtension on FBSSceneSettings
default	21:46:52.465817-0500	projectm-tv	Realizing settings extension _UISceneLayoutPreferenceClientSettingsExtension on FBSSceneClientSettings
default	21:46:52.465832-0500	projectm-tv	Realizing settings extension _UISceneLayoutPreferenceClientSettingsExtension on FBSSceneClientSettings
default	21:46:52.466831-0500	projectm-tv	Realizing settings extension _UISystemShellSceneHostingEnvironmentSettings on FBSSceneSettings
default	21:46:52.466849-0500	projectm-tv	Realizing settings extension _UISystemShellSceneHostingEnvironmentSettings on FBSSceneSettings
default	21:46:52.467009-0500	projectm-tv	Realizing settings extension _UISceneRenderingEnvironmentSettings on FBSSceneSettings
default	21:46:52.467025-0500	projectm-tv	Realizing settings extension _UISceneRenderingEnvironmentSettings on FBSSceneSettings
default	21:46:52.467637-0500	projectm-tv	Realizing settings extension <_UISceneRenderingEnvironmentClientSettings> on FBSSceneClientSettings
default	21:46:52.467653-0500	projectm-tv	Realizing settings extension <_UISceneRenderingEnvironmentClientSettings> on FBSSceneClientSettings
default	21:46:52.468059-0500	projectm-tv	Realizing settings extension <_UISceneTransitioningHostSettings> on FBSSceneSettings
default	21:46:52.468185-0500	projectm-tv	Realizing settings extension <_UISceneFocusSystemSettings> on FBSSceneSettings
default	21:46:52.468075-0500	projectm-tv	Realizing settings extension <_UISceneTransitioningHostSettings> on FBSSceneSettings
default	21:46:52.468204-0500	projectm-tv	Realizing settings extension <_UISceneFocusSystemSettings> on FBSSceneSettings
default	21:46:52.468674-0500	projectm-tv	Realizing settings extension _UISceneWindowingControlClientSettings on FBSSceneClientSettings
default	21:46:52.468774-0500	projectm-tv	Realizing settings extension <_UISceneHostingContentSizePreferenceClientSettings> on FBSSceneClientSettings
default	21:46:52.468691-0500	projectm-tv	Realizing settings extension _UISceneWindowingControlClientSettings on FBSSceneClientSettings
default	21:46:52.468789-0500	projectm-tv	Realizing settings extension <_UISceneHostingContentSizePreferenceClientSettings> on FBSSceneClientSettings
default	21:46:52.469521-0500	projectm-tv	Realizing settings extension _UISceneHostingTraitCollectionPropagationSettings on FBSSceneSettings
default	21:46:52.469738-0500	projectm-tv	Realizing settings extension _UISceneHostingTraitCollectionPropagationSettings on FBSSceneSettings
default	21:46:52.470216-0500	projectm-tv	Realizing settings extension <_UISceneHostingSheetPresentationSettings> on FBSSceneSettings
default	21:46:52.470233-0500	projectm-tv	Realizing settings extension <_UISceneHostingSheetPresentationSettings> on FBSSceneSettings
default	21:46:52.470313-0500	projectm-tv	Realizing settings extension <_UISceneHostingSheetPresentationClientSettings> on FBSSceneClientSettings
default	21:46:52.470328-0500	projectm-tv	Realizing settings extension <_UISceneHostingSheetPresentationClientSettings> on FBSSceneClientSettings
default	21:46:52.470405-0500	projectm-tv	Realizing settings extension <_UISceneHostingEventDeferringSettings> on FBSSceneSettings
default	21:46:52.470421-0500	projectm-tv	Realizing settings extension <_UISceneHostingEventDeferringSettings> on FBSSceneSettings
default	21:46:52.470711-0500	projectm-tv	Realizing settings extension <UIKit__UITypedKeyValueSceneSettings> on FBSSceneSettings
default	21:46:52.470730-0500	projectm-tv	Realizing settings extension <UIKit__UITypedKeyValueSceneSettings> on FBSSceneSettings
default	21:46:52.470804-0500	projectm-tv	Realizing settings extension <UIKit__UITypedKeyValueSceneSettings> on FBSSceneClientSettings
default	21:46:52.470819-0500	projectm-tv	Realizing settings extension <UIKit__UITypedKeyValueSceneSettings> on FBSSceneClientSettings
default	21:46:52.470894-0500	projectm-tv	Realizing settings extension <_UISceneHostingViewControllerPreferencePropagationClientSettings> on FBSSceneClientSettings
default	21:46:52.470909-0500	projectm-tv	Realizing settings extension <_UISceneHostingViewControllerPreferencePropagationClientSettings> on FBSSceneClientSettings
default	21:46:52.470999-0500	projectm-tv	Realizing settings extension <_UISceneZoomTransitionSettings> on FBSSceneSettings
default	21:46:52.471014-0500	projectm-tv	Realizing settings extension <_UISceneZoomTransitionSettings> on FBSSceneSettings
default	21:46:52.471128-0500	projectm-tv	Realizing settings extension FBSSceneSettingsCore on FBSSceneSettings
default	21:46:52.471143-0500	projectm-tv	Realizing settings extension FBSSceneSettingsCore on FBSSceneSettings
default	21:46:52.473239-0500	projectm-tv	Realizing settings extension FBSSceneClientSettingsCore on FBSSceneClientSettings
default	21:46:52.473222-0500	projectm-tv	Realizing settings extension FBSSceneClientSettingsCore on FBSSceneClientSettings
default	21:46:52.473875-0500	projectm-tv	UIMutableApplicationSceneSettings setting counterpart class: UIApplicationSceneSettings
default	21:46:52.473907-0500	projectm-tv	Realizing settings extension FBSSceneTransitionContextCore on FBSSceneTransitionContext
default	21:46:52.473860-0500	projectm-tv	UIMutableApplicationSceneSettings setting counterpart class: UIApplicationSceneSettings
default	21:46:52.473892-0500	projectm-tv	Realizing settings extension FBSSceneTransitionContextCore on FBSSceneTransitionContext
default	21:46:52.478071-0500	projectm-tv	[FBSDisplaySource 1-1] silently connecting raw configuration: <FBSDisplayConfiguration: 0x10605e700; Main-External; mode: "1920x1080@2x 59.94Hz p3 HDR10">
default	21:46:52.478295-0500	projectm-tv	[0x106074f00] activating connection: mach=true listener=false peer=false name=com.apple.mobilegestalt.xpc
default	21:46:52.478089-0500	projectm-tv	[FBSDisplaySource 1-1] silently connecting raw configuration: <FBSDisplayConfiguration: 0x10605e700; Main-External; mode: "1920x1080@2x 59.94Hz p3 HDR10">
default	21:46:52.478399-0500	projectm-tv	[0x106074f00] activating connection: mach=true listener=false peer=false name=com.apple.mobilegestalt.xpc
default	21:46:52.478753-0500	projectm-tv	[0x106074f00] invalidated because the current process cancelled the connection by calling xpc_connection_cancel()
default	21:46:52.478791-0500	projectm-tv	[0x106074f00] activating connection: mach=true listener=false peer=false name=com.apple.mobilegestalt.xpc
default	21:46:52.478905-0500	projectm-tv	[0x106074f00] invalidated because the current process cancelled the connection by calling xpc_connection_cancel()
default	21:46:52.478939-0500	projectm-tv	Display settings after update from FB configuration: AXMDisplay<0x1061f42a0>: Backing:FrontBoardServices (dynamic) Name:TVOut scale:2 size:[3840.00 2160.00] orientation:0 (AXMPhysicalDisplayOrientationPortrait) refBounds:[0.00 0.00 1920.00 1080.00] deepColor:1
default	21:46:52.479016-0500	projectm-tv	Display settings after update from CADisplay.mainDisplay: AXMDisplay<0x1061f52d0>: Backing:CoreAnimation Name:TVOut scale:2 size:[3840.00 2160.00] orientation:0 (AXMPhysicalDisplayOrientationPortrait) refBounds:[0.00 0.00 1920.00 1080.00] deepColor:0
default	21:46:52.478738-0500	projectm-tv	[0x106074f00] invalidated because the current process cancelled the connection by calling xpc_connection_cancel()
default	21:46:52.478775-0500	projectm-tv	[0x106074f00] activating connection: mach=true listener=false peer=false name=com.apple.mobilegestalt.xpc
default	21:46:52.478890-0500	projectm-tv	[0x106074f00] invalidated because the current process cancelled the connection by calling xpc_connection_cancel()
default	21:46:52.478924-0500	projectm-tv	Display settings after update from FB configuration: AXMDisplay<0x1061f42a0>: Backing:FrontBoardServices (dynamic) Name:TVOut scale:2 size:[3840.00 2160.00] orientation:0 (AXMPhysicalDisplayOrientationPortrait) refBounds:[0.00 0.00 1920.00 1080.00] deepColor:1
default	21:46:52.478990-0500	projectm-tv	Display settings after update from CADisplay.mainDisplay: AXMDisplay<0x1061f52d0>: Backing:CoreAnimation Name:TVOut scale:2 size:[3840.00 2160.00] orientation:0 (AXMPhysicalDisplayOrientationPortrait) refBounds:[0.00 0.00 1920.00 1080.00] deepColor:0
default	21:46:52.483472-0500	projectm-tv	Registering for test daemon availability notify post.
default	21:46:52.483509-0500	projectm-tv	notify_get_state check indicated test daemon not ready.
default	21:46:52.483546-0500	projectm-tv	notify_get_state check indicated test daemon not ready.
default	21:46:52.483575-0500	projectm-tv	notify_get_state check indicated test daemon not ready.
default	21:46:52.483757-0500	projectm-tv	Deactivation reason added: 11; deactivation reasons: 1024 -> 3072; animating application lifecycle event: 0
default	21:46:52.483844-0500	projectm-tv	Evaluated capturing state as 0 on <UIScreen: 0x106074a80> for initial
default	21:46:52.483886-0500	projectm-tv	Evaluated capturing state as 0 on <UIScreen: 0x106074a80> for CADisplay KVO
default	21:46:52.484493-0500	projectm-tv	Read CategoryName: per-app = 0, category name = (null)
default	21:46:52.483458-0500	projectm-tv	Registering for test daemon availability notify post.
default	21:46:52.483496-0500	projectm-tv	notify_get_state check indicated test daemon not ready.
default	21:46:52.483535-0500	projectm-tv	notify_get_state check indicated test daemon not ready.
default	21:46:52.483561-0500	projectm-tv	notify_get_state check indicated test daemon not ready.
default	21:46:52.483740-0500	projectm-tv	Deactivation reason added: 11; deactivation reasons: 1024 -> 3072; animating application lifecycle event: 0
default	21:46:52.483830-0500	projectm-tv	Evaluated capturing state as 0 on <UIScreen: 0x106074a80> for initial
default	21:46:52.483871-0500	projectm-tv	Evaluated capturing state as 0 on <UIScreen: 0x106074a80> for CADisplay KVO
default	21:46:52.484472-0500	projectm-tv	Read CategoryName: per-app = 0, category name = (null)
default	21:46:52.486201-0500	projectm-tv	Deactivation reason removed: 10; deactivation reasons: 3072 -> 2048; animating application lifecycle event: 0
default	21:46:52.486387-0500	projectm-tv	Event Timing Profile for Touch: not found, path="/System/Library/EventTimingProfiles/J305.Touch.plist"
default	21:46:52.486419-0500	projectm-tv	Event Timing Profile for Pencil: not found, path="/System/Library/EventTimingProfiles/J305.Pencil.plist"
default	21:46:52.486865-0500	projectm-tv	Selected display: name=TVOut (external-0), id=1
default	21:46:52.486185-0500	projectm-tv	Deactivation reason removed: 10; deactivation reasons: 3072 -> 2048; animating application lifecycle event: 0
default	21:46:52.486371-0500	projectm-tv	Event Timing Profile for Touch: not found, path="/System/Library/EventTimingProfiles/J305.Touch.plist"
default	21:46:52.486404-0500	projectm-tv	Event Timing Profile for Pencil: not found, path="/System/Library/EventTimingProfiles/J305.Pencil.plist"
default	21:46:52.486849-0500	projectm-tv	Selected display: name=TVOut (external-0), id=1
default	21:46:52.497179-0500	projectm-tv	alm_acquire_pageins_recording_assertion: acquired pageins recording assertion!
default	21:46:52.497155-0500	projectm-tv	alm_acquire_pageins_recording_assertion: acquired pageins recording assertion!
default	21:46:52.652374-0500	projectm-tv	UIMutableApplicationSceneClientSettings setting counterpart class: UIApplicationSceneClientSettings
default	21:46:52.652417-0500	projectm-tv	Deactivation reason added: 5; deactivation reasons: 2048 -> 2080; animating application lifecycle event: 1
default	21:46:52.652901-0500	projectm-tv	Should send trait collection or coordinate space update, interface style 1 -> 2, <UIWindowScene: 0x1060bcc00> (com.joshpointer.applejax-default)
default	21:46:52.652987-0500	projectm-tv	[0x108c14770] Initialized with scene: <UIWindowScene: 0x1060bcc00>; behavior: <_UIEventDeferringBehavior_tvOS: 0x109bbe7a0>; availableForProcess: 1, systemShellManagesKeyboardFocus: 0
default	21:46:52.653074-0500	projectm-tv	Setting default evaluation strategy for UIUserInterfaceIdiomTV to LastOneWins
default	21:46:52.652348-0500	projectm-tv	UIMutableApplicationSceneClientSettings setting counterpart class: UIApplicationSceneClientSettings
default	21:46:52.652401-0500	projectm-tv	Deactivation reason added: 5; deactivation reasons: 2048 -> 2080; animating application lifecycle event: 1
default	21:46:52.652870-0500	projectm-tv	Should send trait collection or coordinate space update, interface style 1 -> 2, <UIWindowScene: 0x1060bcc00> (com.joshpointer.applejax-default)
default	21:46:52.652967-0500	projectm-tv	[0x108c14770] Initialized with scene: <UIWindowScene: 0x1060bcc00>; behavior: <_UIEventDeferringBehavior_tvOS: 0x109bbe7a0>; availableForProcess: 1, systemShellManagesKeyboardFocus: 0
default	21:46:52.653059-0500	projectm-tv	Setting default evaluation strategy for UIUserInterfaceIdiomTV to LastOneWins
default	21:46:52.659981-0500	projectm-tv	Initial remote flags value: 31
default	21:46:52.660017-0500	projectm-tv	Remote touch surface type has been initialized to: Rotary
default	21:46:52.660052-0500	projectm-tv	Remote microphone capability has been initialized to: YES
default	21:46:52.660085-0500	projectm-tv	Remote mute capability has been initialized to: YES
default	21:46:52.660116-0500	projectm-tv	Remote PushToTalk capability has been initialized to: YES
default	21:46:52.659965-0500	projectm-tv	Initial remote flags value: 31
default	21:46:52.660001-0500	projectm-tv	Remote touch surface type has been initialized to: Rotary
default	21:46:52.660036-0500	projectm-tv	Remote microphone capability has been initialized to: YES
default	21:46:52.660070-0500	projectm-tv	Remote mute capability has been initialized to: YES
default	21:46:52.660104-0500	projectm-tv	Remote PushToTalk capability has been initialized to: YES
default	21:46:52.662216-0500	projectm-tv	[C:2] Alloc com.apple.backboard.hid-services.xpc
default	21:46:52.662468-0500	projectm-tv	[0x109c59680] activating connection: mach=false listener=false peer=false name=(anonymous)
default	21:46:52.663431-0500	projectm-tv	policyStatus:<BKSHIDEventDeliveryPolicyObserver: 0x109c40120; process scope; status: none> was:none
default	21:46:52.663463-0500	projectm-tv	BKSHIDEventObserver - connection activation
default	21:46:52.662192-0500	projectm-tv	[C:2] Alloc com.apple.backboard.hid-services.xpc
default	21:46:52.662450-0500	projectm-tv	[0x109c59680] activating connection: mach=false listener=false peer=false name=(anonymous)
default	21:46:52.663403-0500	projectm-tv	policyStatus:<BKSHIDEventDeliveryPolicyObserver: 0x109c40120; process scope; status: none> was:none
default	21:46:52.663450-0500	projectm-tv	BKSHIDEventObserver - connection activation
default	21:46:52.667540-0500	projectm-tv	Key window API is scene-level: YES
default	21:46:52.667592-0500	projectm-tv	UIWindowScene: 0x1060bcc00: Window became key in scene: UIWindow: 0x106061400; contextId: 0xEB6CC3FE: reason: UIWindowScene: 0x1060bcc00: Window requested to become key in scene: 0x106061400
default	21:46:52.667635-0500	projectm-tv	Key window needs update: 1; currentKeyWindowScene: 0x0; evaluatedKeyWindowScene: 0x1060bcc00; currentApplicationKeyWindow: 0x0; evaluatedApplicationKeyWindow: 0x106061400; reason: UIWindowScene: 0x1060bcc00: Window requested to become key in scene: 0x106061400
default	21:46:52.667963-0500	projectm-tv	Window did become application key: UIWindow: 0x106061400; contextId: 0xEB6CC3FE; scene identity: com.apple.frontboard.systemappservices/FBSceneManager:com.joshpointer.applejax-default
default	21:46:52.668030-0500	projectm-tv	[0x108c14770] Begin local event deferring requested for token: 0x109c40c60; environments: 1; reason: UIWindowScene: 0x1060bcc00: Begin event deferring in keyboardFocus for window: 0x106061400
default	21:46:52.668500-0500	projectm-tv	BKSHIDEventDeliveryManager - connection activation
default	21:46:52.668814-0500	projectm-tv	sceneOfRecord: sceneID: com.joshpointer.applejax-default  persistentID: com.joshpointer.applejax-default
default	21:46:52.668855-0500	projectm-tv	Ignoring already applied deactivation reason: 5; deactivation reasons: 2080
default	21:46:52.668894-0500	projectm-tv	Deactivation reason added: 12; deactivation reasons: 2080 -> 6176; animating application lifecycle event: 1
default	21:46:52.668943-0500	projectm-tv	Deactivation reason removed: 11; deactivation reasons: 6176 -> 4128; animating application lifecycle event: 1
default	21:46:52.669018-0500	projectm-tv	Realizing settings extension <_UISceneIntelligenceSupportSettings> on FBSSceneSettings
default	21:46:52.667510-0500	projectm-tv	Key window API is scene-level: YES
default	21:46:52.669308-0500	projectm-tv	establishing connection to agent
default	21:46:52.667573-0500	projectm-tv	UIWindowScene: 0x1060bcc00: Window became key in scene: UIWindow: 0x106061400; contextId: 0xEB6CC3FE: reason: UIWindowScene: 0x1060bcc00: Window requested to become key in scene: 0x106061400
default	21:46:52.667615-0500	projectm-tv	Key window needs update: 1; currentKeyWindowScene: 0x0; evaluatedKeyWindowScene: 0x1060bcc00; currentApplicationKeyWindow: 0x0; evaluatedApplicationKeyWindow: 0x106061400; reason: UIWindowScene: 0x1060bcc00: Window requested to become key in scene: 0x106061400
default	21:46:52.667659-0500	projectm-tv	Window did become application key: UIWindow: 0x106061400; contextId: 0xEB6CC3FE; scene identity: com.apple.frontboard.systemappservices/FBSceneManager:com.joshpointer.applejax-default
default	21:46:52.668013-0500	projectm-tv	[0x108c14770] Begin local event deferring requested for token: 0x109c40c60; environments: 1; reason: UIWindowScene: 0x1060bcc00: Begin event deferring in keyboardFocus for window: 0x106061400
default	21:46:52.668486-0500	projectm-tv	BKSHIDEventDeliveryManager - connection activation
default	21:46:52.668761-0500	projectm-tv	sceneOfRecord: sceneID: com.joshpointer.applejax-default  persistentID: com.joshpointer.applejax-default
default	21:46:52.668838-0500	projectm-tv	Ignoring already applied deactivation reason: 5; deactivation reasons: 2080
default	21:46:52.668876-0500	projectm-tv	Deactivation reason added: 12; deactivation reasons: 2080 -> 6176; animating application lifecycle event: 1
default	21:46:52.668927-0500	projectm-tv	Deactivation reason removed: 11; deactivation reasons: 6176 -> 4128; animating application lifecycle event: 1
default	21:46:52.669002-0500	projectm-tv	Realizing settings extension <_UISceneIntelligenceSupportSettings> on FBSSceneSettings
default	21:46:52.669294-0500	projectm-tv	establishing connection to agent
default	21:46:52.671964-0500	projectm-tv	[0x1062ad630] Session created.
default	21:46:52.671996-0500	projectm-tv	[0x1062ad630] Session created from connection [0x109c5ad00]
default	21:46:52.672035-0500	projectm-tv	[0x109c5ad00] activating connection: mach=true listener=false peer=false name=com.apple.uiintelligencesupport.agent
default	21:46:52.672072-0500	projectm-tv	[0x1062ad630] Session activated
default	21:46:52.671950-0500	projectm-tv	[0x1062ad630] Session created.
default	21:46:52.671983-0500	projectm-tv	[0x1062ad630] Session created from connection [0x109c5ad00]
default	21:46:52.672019-0500	projectm-tv	[0x109c5ad00] activating connection: mach=true listener=false peer=false name=com.apple.uiintelligencesupport.agent
default	21:46:52.672059-0500	projectm-tv	[0x1062ad630] Session activated
default	21:46:52.728172-0500	projectm-tv	Not observing PTDefaults on customer install.
default	21:46:52.728187-0500	projectm-tv	Not observing PTDefaults on customer install.
default	21:46:52.742912-0500	projectm-tv	<ICCloudServiceStatusMonitor: 0x109ebe040>: Cloud service status monitor was configured with privacy acknowledgement policy: prompt-prohibited.
default	21:46:52.743475-0500	projectm-tv	[0x109e5b000] activating connection: mach=true listener=false peer=false name=com.apple.tccd
default	21:46:52.742949-0500	projectm-tv	<ICCloudServiceStatusMonitor: 0x109ebe040>: Cloud service status monitor was configured with privacy acknowledgement policy: prompt-prohibited.
default	21:46:52.743494-0500	projectm-tv	[0x109e5b000] activating connection: mach=true listener=false peer=false name=com.apple.tccd
default	21:46:52.746357-0500	projectm-tv	[0x109e5b000] invalidated after the last release of the connection object
default	21:46:52.746376-0500	projectm-tv	[0x109e5b000] invalidated after the last release of the connection object
default	21:46:52.762324-0500	projectm-tv	<UIWindowScene: 0x1060bcc00> (com.joshpointer.applejax-default) Scene updated orientation preferences: none -> ( Pu )
default	21:46:52.762363-0500	projectm-tv	<UIWindowScene: 0x1060bcc00> (com.joshpointer.applejax-default) Scene updated orientation preferences: none -> ( Pu )
default	21:46:52.782293-0500	projectm-tv	Create activity from XPC object <nw_activity 50:1 [7E848CB2-085F-4659-B5F2-18781C1DD49C] (reporting strategy default)>
default	21:46:52.782336-0500	projectm-tv	Create activity from XPC object <nw_activity 50:2 [3DB0FB6F-115D-4CEB-9B0C-EE2B7D3C3447] (reporting strategy default)>
default	21:46:52.782368-0500	projectm-tv	Set activity <nw_activity 50:1 [7E848CB2-085F-4659-B5F2-18781C1DD49C] (reporting strategy default)> as the global parent
default	21:46:52.782407-0500	projectm-tv	AggregateDictionary is deprecated and has been removed. Please migrate to Core Analytics.
default	21:46:52.782315-0500	projectm-tv	Create activity from XPC object <nw_activity 50:1 [7E848CB2-085F-4659-B5F2-18781C1DD49C] (reporting strategy default)>
default	21:46:52.782351-0500	projectm-tv	Create activity from XPC object <nw_activity 50:2 [3DB0FB6F-115D-4CEB-9B0C-EE2B7D3C3447] (reporting strategy default)>
default	21:46:52.782382-0500	projectm-tv	Set activity <nw_activity 50:1 [7E848CB2-085F-4659-B5F2-18781C1DD49C] (reporting strategy default)> as the global parent
default	21:46:52.782418-0500	projectm-tv	AggregateDictionary is deprecated and has been removed. Please migrate to Core Analytics.
default	21:46:52.782829-0500	projectm-tv	Ending background task with UIBackgroundTaskIdentifier: 1
default	21:46:52.782897-0500	projectm-tv	Ending task with identifier 1 and description: <private>, _expireHandler: (null)
default	21:46:52.782972-0500	projectm-tv	Decrementing reference count for assertion <private> (used by background task with identifier 1: <private>)
default	21:46:52.782816-0500	projectm-tv	Ending background task with UIBackgroundTaskIdentifier: 1
default	21:46:52.782882-0500	projectm-tv	Ending task with identifier 1 and description: <private>, _expireHandler: (null)
default	21:46:52.782955-0500	projectm-tv	Decrementing reference count for assertion <private> (used by background task with identifier 1: <private>)
default	21:46:52.785257-0500	projectm-tv	Will invalidate assertion: <BKSProcessAssertion: 0x1060685f0> for task identifier: 1
default	21:46:52.785373-0500	projectm-tv	Target list changed: <CADisplay:TVOut external-0>
default	21:46:52.785934-0500	projectm-tv	Focus system enabled
default	21:46:52.785242-0500	projectm-tv	Will invalidate assertion: <BKSProcessAssertion: 0x1060685f0> for task identifier: 1
default	21:46:52.785303-0500	projectm-tv	Target list changed: <CADisplay:TVOut external-0>
default	21:46:52.788779-0500	projectm-tv	Deferring focus update to item <_TtC7SwiftUIP33_B6A2D4E72E5722B5103497ADB7778B5F31UIKitFocusableViewResponderItem: 0x109ed1b80>. No additional info available.
default	21:46:52.785921-0500	projectm-tv	Focus system enabled
default	21:46:52.788774-0500	projectm-tv	Deferring focus update to item <_TtC7SwiftUIP33_B6A2D4E72E5722B5103497ADB7778B5F31UIKitFocusableViewResponderItem: 0x109ed1b80>. No additional info available.
default	21:46:52.867691-0500	projectm-tv	<nw_activity 50:1 [7E848CB2-085F-4659-B5F2-18781C1DD49C] (global parent) (reporting strategy default) complete (reason success)> complete with reason 2 (success), duration 603ms
default	21:46:52.867832-0500	projectm-tv	<nw_activity 50:2 [3DB0FB6F-115D-4CEB-9B0C-EE2B7D3C3447] (reporting strategy default) complete (reason success)> complete with reason 2 (success), duration 603ms
default	21:46:52.867712-0500	projectm-tv	<nw_activity 50:1 [7E848CB2-085F-4659-B5F2-18781C1DD49C] (global parent) (reporting strategy default) complete (reason success)> complete with reason 2 (success), duration 603ms
default	21:46:52.867964-0500	projectm-tv	Unsetting the global parent activity <nw_activity 50:1 [7E848CB2-085F-4659-B5F2-18781C1DD49C] (global parent) (reporting strategy default) complete (reason success)>
default	21:46:52.867993-0500	projectm-tv	Unset the global parent activity
default	21:46:52.867851-0500	projectm-tv	<nw_activity 50:2 [3DB0FB6F-115D-4CEB-9B0C-EE2B7D3C3447] (reporting strategy default) complete (reason success)> complete with reason 2 (success), duration 603ms
default	21:46:52.868021-0500	projectm-tv	alm_release_pageins_recording_assertion: releasing pageins recording assertion
default	21:46:52.867976-0500	projectm-tv	Unsetting the global parent activity <nw_activity 50:1 [7E848CB2-085F-4659-B5F2-18781C1DD49C] (global parent) (reporting strategy default) complete (reason success)>
default	21:46:52.868005-0500	projectm-tv	Unset the global parent activity
default	21:46:52.868033-0500	projectm-tv	alm_release_pageins_recording_assertion: releasing pageins recording assertion
default	21:46:53.077637-0500	projectm-tv	[(FBSceneManager):com.joshpointer.applejax-default] Received action(s): UIResetFocusAction
default	21:46:53.077675-0500	projectm-tv	sceneOfRecord: sceneID: com.joshpointer.applejax-default  persistentID: com.joshpointer.applejax-default
default	21:46:53.077652-0500	projectm-tv	[(FBSceneManager):com.joshpointer.applejax-default] Received action(s): UIResetFocusAction
default	21:46:53.077689-0500	projectm-tv	sceneOfRecord: sceneID: com.joshpointer.applejax-default  persistentID: com.joshpointer.applejax-default
default	21:46:53.087415-0500	projectm-tv	policyStatus:<BKSHIDEventDeliveryPolicyObserver: 0x109c40120; display: 1E6D0100-0000-0000-011E-010380A05A78; environment: keyboardFocus; token: 0xEB6CC3FE; status: target> was:none
default	21:46:53.087430-0500	projectm-tv	policyStatus:<BKSHIDEventDeliveryPolicyObserver: 0x109c40120; display: 1E6D0100-0000-0000-011E-010380A05A78; environment: keyboardFocus; token: 0xEB6CC3FE; status: target> was:none
default	21:46:53.266146-0500	projectm-tv	sceneOfRecord: sceneID: com.joshpointer.applejax-default  persistentID: com.joshpointer.applejax-default
default	21:46:53.266249-0500	projectm-tv	Deactivation reason removed: 12; deactivation reasons: 4128 -> 32; animating application lifecycle event: 1
default	21:46:53.266323-0500	projectm-tv	Deactivation reason removed: 5; deactivation reasons: 32 -> 0; animating application lifecycle event: 0
default	21:46:53.266383-0500	projectm-tv	Creating hang event with BundleID: com.joshpointer.applejax
default	21:46:53.268512-0500	projectm-tv	Updating event->rollingFGTimestamp from INVALID_FOREGROUND_TIMESTAMP to 2107607628493
default	21:46:53.268579-0500	projectm-tv	Updating configuration of monitor M3106-1
default	21:46:53.268646-0500	projectm-tv	[0x109efd380] activating connection: mach=true listener=false peer=false name=com.apple.hangtracermonitor
default	21:46:53.268996-0500	projectm-tv	[0x109efd380] failed to do a bootstrap look-up: xpc_error=[3: No such process]
default	21:46:53.269120-0500	projectm-tv	[0x109efd380] invalidated after a failed init
default	21:46:53.269515-0500	projectm-tv	Creating side-channel connection to com.apple.runningboard
default	21:46:53.271775-0500	projectm-tv	[0x109efca80] activating connection: mach=true listener=false peer=false name=com.apple.runningboard
default	21:46:53.266161-0500	projectm-tv	sceneOfRecord: sceneID: com.joshpointer.applejax-default  persistentID: com.joshpointer.applejax-default
default	21:46:53.266266-0500	projectm-tv	Deactivation reason removed: 12; deactivation reasons: 4128 -> 32; animating application lifecycle event: 1
default	21:46:53.266338-0500	projectm-tv	Deactivation reason removed: 5; deactivation reasons: 32 -> 0; animating application lifecycle event: 0
default	21:46:53.266398-0500	projectm-tv	Creating hang event with BundleID: com.joshpointer.applejax
default	21:46:53.275788-0500	projectm-tv	Read Per-App on Init: Smart invert = (null)
default	21:46:53.275978-0500	projectm-tv	Hit the server for a process handle 10c486dd00000c22 that resolved to: [app<com.joshpointer.applejax(7D990111-3C69-4C33-A672-8639ED62B964)>:3106]
default	21:46:53.268526-0500	projectm-tv	Updating event->rollingFGTimestamp from INVALID_FOREGROUND_TIMESTAMP to 2107607628493
default	21:46:53.268593-0500	projectm-tv	Updating configuration of monitor M3106-1
default	21:46:53.268662-0500	projectm-tv	[0x109efd380] activating connection: mach=true listener=false peer=false name=com.apple.hangtracermonitor
default	21:46:53.269011-0500	projectm-tv	[0x109efd380] failed to do a bootstrap look-up: xpc_error=[3: No such process]
default	21:46:53.276834-0500	projectm-tv	Received state update for 3106 (app<com.joshpointer.applejax(7D990111-3C69-4C33-A672-8639ED62B964)>, unknown-NotVisible
default	21:46:53.269135-0500	projectm-tv	[0x109efd380] invalidated after a failed init
default	21:46:53.269531-0500	projectm-tv	Creating side-channel connection to com.apple.runningboard
default	21:46:53.271792-0500	projectm-tv	[0x109efca80] activating connection: mach=true listener=false peer=false name=com.apple.runningboard
default	21:46:53.275803-0500	projectm-tv	Read Per-App on Init: Smart invert = (null)
default	21:46:53.275993-0500	projectm-tv	Hit the server for a process handle 10c486dd00000c22 that resolved to: [app<com.joshpointer.applejax(7D990111-3C69-4C33-A672-8639ED62B964)>:3106]
default	21:46:53.276850-0500	projectm-tv	Received state update for 3106 (app<com.joshpointer.applejax(7D990111-3C69-4C33-A672-8639ED62B964)>, unknown-NotVisible
default	21:46:53.579651-0500	projectm-tv	Received state update for 3106 (app<com.joshpointer.applejax(7D990111-3C69-4C33-A672-8639ED62B964)>, unknown-NotVisible
default	21:46:53.579665-0500	projectm-tv	Received state update for 3106 (app<com.joshpointer.applejax(7D990111-3C69-4C33-A672-8639ED62B964)>, unknown-NotVisible
default	21:46:58.203819-0500	projectm-tv	Evaluating dispatch of UIEvent: 0x109f97600; type: 0; subtype: 0; backing type: 11; shouldSend: 1; ignoreInteractionEvents: 0, systemGestureStateChange: 0
default	21:46:58.203862-0500	projectm-tv	Sending UIEvent type: 0; subtype: 0; to windows: 1
default	21:46:58.203907-0500	projectm-tv	Sending UIEvent type: 0; subtype: 0; to window: <UIWindow: 0x106061400>; contextId: 0xEB6CC3FE
default	21:46:58.203840-0500	projectm-tv	Evaluating dispatch of UIEvent: 0x109f97600; type: 0; subtype: 0; backing type: 11; shouldSend: 1; ignoreInteractionEvents: 0, systemGestureStateChange: 0
default	21:46:58.203879-0500	projectm-tv	Sending UIEvent type: 0; subtype: 0; to windows: 1
default	21:46:58.203927-0500	projectm-tv	Sending UIEvent type: 0; subtype: 0; to window: <UIWindow: 0x106061400>; contextId: 0xEB6CC3FE
default	21:46:58.359616-0500	projectm-tv	Evaluating dispatch of UIEvent: 0x109e6a880; type: 3; subtype: 0; backing type: 3; shouldSend: 1; ignoreInteractionEvents: 0, systemGestureStateChange: 0
default	21:46:58.359649-0500	projectm-tv	Sending UIEvent type: 3; subtype: 0; to windows: 1
default	21:46:58.359685-0500	projectm-tv	Sending UIEvent type: 3; subtype: 0; to window: <UIWindow: 0x106061400>; contextId: 0xEB6CC3FE
default	21:46:58.359601-0500	projectm-tv	Evaluating dispatch of UIEvent: 0x109e6a880; type: 3; subtype: 0; backing type: 3; shouldSend: 1; ignoreInteractionEvents: 0, systemGestureStateChange: 0
default	21:46:58.359636-0500	projectm-tv	Sending UIEvent type: 3; subtype: 0; to windows: 1
default	21:46:58.359669-0500	projectm-tv	Sending UIEvent type: 3; subtype: 0; to window: <UIWindow: 0x106061400>; contextId: 0xEB6CC3FE
default	21:46:58.361748-0500	projectm-tv	[0x109efd380] activating connection: mach=true listener=false peer=false name=com.apple.audio.SystemSoundServer-iOS
default	21:46:58.361732-0500	projectm-tv	[0x109efd380] activating connection: mach=true listener=false peer=false name=com.apple.audio.SystemSoundServer-iOS
default	21:46:58.416260-0500	projectm-tv	Evaluating dispatch of UIEvent: 0x109e6a880; type: 3; subtype: 0; backing type: 3; shouldSend: 1; ignoreInteractionEvents: 0, systemGestureStateChange: 0
default	21:46:58.416311-0500	projectm-tv	Sending UIEvent type: 3; subtype: 0; to windows: 1
default	21:46:58.416348-0500	projectm-tv	Sending UIEvent type: 3; subtype: 0; to window: <UIWindow: 0x106061400>; contextId: 0xEB6CC3FE
default	21:46:58.416286-0500	projectm-tv	Evaluating dispatch of UIEvent: 0x109e6a880; type: 3; subtype: 0; backing type: 3; shouldSend: 1; ignoreInteractionEvents: 0, systemGestureStateChange: 0
default	21:46:58.416326-0500	projectm-tv	Sending UIEvent type: 3; subtype: 0; to windows: 1
default	21:46:58.416368-0500	projectm-tv	Sending UIEvent type: 3; subtype: 0; to window: <UIWindow: 0x106061400>; contextId: 0xEB6CC3FE
default	21:46:58.516747-0500	projectm-tv	Evaluating dispatch of UIEvent: 0x109e6a880; type: 3; subtype: 0; backing type: 3; shouldSend: 1; ignoreInteractionEvents: 0, systemGestureStateChange: 0
default	21:46:58.516810-0500	projectm-tv	Sending UIEvent type: 3; subtype: 0; to windows: 1
default	21:46:58.516940-0500	projectm-tv	Sending UIEvent type: 3; subtype: 0; to window: <UIWindow: 0x106061400>; contextId: 0xEB6CC3FE
default	21:46:58.516782-0500	projectm-tv	Evaluating dispatch of UIEvent: 0x109e6a880; type: 3; subtype: 0; backing type: 3; shouldSend: 1; ignoreInteractionEvents: 0, systemGestureStateChange: 0
default	21:46:58.516828-0500	projectm-tv	Sending UIEvent type: 3; subtype: 0; to windows: 1
default	21:46:58.516957-0500	projectm-tv	Sending UIEvent type: 3; subtype: 0; to window: <UIWindow: 0x106061400>; contextId: 0xEB6CC3FE
default	21:46:58.624785-0500	projectm-tv	Evaluating dispatch of UIEvent: 0x109e6a880; type: 3; subtype: 0; backing type: 3; shouldSend: 1; ignoreInteractionEvents: 0, systemGestureStateChange: 0
default	21:46:58.624825-0500	projectm-tv	Sending UIEvent type: 3; subtype: 0; to windows: 1
default	21:46:58.624737-0500	projectm-tv	Evaluating dispatch of UIEvent: 0x109e6a880; type: 3; subtype: 0; backing type: 3; shouldSend: 1; ignoreInteractionEvents: 0, systemGestureStateChange: 0
default	21:46:58.624809-0500	projectm-tv	Sending UIEvent type: 3; subtype: 0; to windows: 1
default	21:46:58.624907-0500	projectm-tv	Sending UIEvent type: 3; subtype: 0; to window: <UIWindow: 0x106061400>; contextId: 0xEB6CC3FE
default	21:46:58.624891-0500	projectm-tv	Sending UIEvent type: 3; subtype: 0; to window: <UIWindow: 0x106061400>; contextId: 0xEB6CC3FE
default	21:46:58.685100-0500	projectm-tv	Evaluating dispatch of UIEvent: 0x109f97600; type: 0; subtype: 0; backing type: 11; shouldSend: 1; ignoreInteractionEvents: 0, systemGestureStateChange: 0
default	21:46:58.685142-0500	projectm-tv	Sending UIEvent type: 0; subtype: 0; to windows: 1
default	21:46:58.685277-0500	projectm-tv	Sending UIEvent type: 0; subtype: 0; to window: <UIWindow: 0x106061400>; contextId: 0xEB6CC3FE
default	21:46:58.685070-0500	projectm-tv	Evaluating dispatch of UIEvent: 0x109f97600; type: 0; subtype: 0; backing type: 11; shouldSend: 1; ignoreInteractionEvents: 0, systemGestureStateChange: 0
default	21:46:58.685127-0500	projectm-tv	Sending UIEvent type: 0; subtype: 0; to windows: 1
default	21:46:58.685167-0500	projectm-tv	Sending UIEvent type: 0; subtype: 0; to window: <UIWindow: 0x106061400>; contextId: 0xEB6CC3FE
default	21:46:58.890142-0500	projectm-tv	Evaluating dispatch of UIEvent: 0x109f97600; type: 0; subtype: 0; backing type: 11; shouldSend: 1; ignoreInteractionEvents: 0, systemGestureStateChange: 0
default	21:46:58.890574-0500	projectm-tv	Sending UIEvent type: 0; subtype: 0; to windows: 1
default	21:46:58.890611-0500	projectm-tv	Sending UIEvent type: 0; subtype: 0; to window: <UIWindow: 0x106061400>; contextId: 0xEB6CC3FE
default	21:46:58.890124-0500	projectm-tv	Evaluating dispatch of UIEvent: 0x109f97600; type: 0; subtype: 0; backing type: 11; shouldSend: 1; ignoreInteractionEvents: 0, systemGestureStateChange: 0
default	21:46:58.890558-0500	projectm-tv	Sending UIEvent type: 0; subtype: 0; to windows: 1
default	21:46:58.890595-0500	projectm-tv	Sending UIEvent type: 0; subtype: 0; to window: <UIWindow: 0x106061400>; contextId: 0xEB6CC3FE
default	21:46:58.895593-0500	projectm-tv	Evaluating dispatch of UIEvent: 0x109f97600; type: 0; subtype: 0; backing type: 11; shouldSend: 1; ignoreInteractionEvents: 0, systemGestureStateChange: 0
default	21:46:58.895575-0500	projectm-tv	Evaluating dispatch of UIEvent: 0x109f97600; type: 0; subtype: 0; backing type: 11; shouldSend: 1; ignoreInteractionEvents: 0, systemGestureStateChange: 0
default	21:46:58.899030-0500	projectm-tv	Sending UIEvent type: 0; subtype: 0; to windows: 1
default	21:46:58.899121-0500	projectm-tv	Sending UIEvent type: 0; subtype: 0; to window: <UIWindow: 0x106061400>; contextId: 0xEB6CC3FE
default	21:46:58.899005-0500	projectm-tv	Sending UIEvent type: 0; subtype: 0; to windows: 1
default	21:46:58.899105-0500	projectm-tv	Sending UIEvent type: 0; subtype: 0; to window: <UIWindow: 0x106061400>; contextId: 0xEB6CC3FE
default	21:46:58.907915-0500	projectm-tv	Evaluating dispatch of UIEvent: 0x109f97600; type: 0; subtype: 0; backing type: 11; shouldSend: 1; ignoreInteractionEvents: 0, systemGestureStateChange: 0
default	21:46:58.907949-0500	projectm-tv	Sending UIEvent type: 0; subtype: 0; to windows: 1
default	21:46:58.908015-0500	projectm-tv	Sending UIEvent type: 0; subtype: 0; to window: <UIWindow: 0x106061400>; contextId: 0xEB6CC3FE
default	21:46:58.907897-0500	projectm-tv	Evaluating dispatch of UIEvent: 0x109f97600; type: 0; subtype: 0; backing type: 11; shouldSend: 1; ignoreInteractionEvents: 0, systemGestureStateChange: 0
default	21:46:58.907934-0500	projectm-tv	Sending UIEvent type: 0; subtype: 0; to windows: 1
default	21:46:58.909282-0500	projectm-tv	Evaluating dispatch of UIEvent: 0x109e6a880; type: 3; subtype: 0; backing type: 3; shouldSend: 1; ignoreInteractionEvents: 0, systemGestureStateChange: 0
default	21:46:58.907999-0500	projectm-tv	Sending UIEvent type: 0; subtype: 0; to window: <UIWindow: 0x106061400>; contextId: 0xEB6CC3FE
default	21:46:58.909318-0500	projectm-tv	Sending UIEvent type: 3; subtype: 0; to windows: 1
default	21:46:58.909357-0500	projectm-tv	Sending UIEvent type: 3; subtype: 0; to window: <UIWindow: 0x106061400>; contextId: 0xEB6CC3FE
default	21:46:58.909265-0500	projectm-tv	Evaluating dispatch of UIEvent: 0x109e6a880; type: 3; subtype: 0; backing type: 3; shouldSend: 1; ignoreInteractionEvents: 0, systemGestureStateChange: 0
default	21:46:58.909302-0500	projectm-tv	Sending UIEvent type: 3; subtype: 0; to windows: 1
default	21:46:58.909339-0500	projectm-tv	Sending UIEvent type: 3; subtype: 0; to window: <UIWindow: 0x106061400>; contextId: 0xEB6CC3FE
default	21:46:58.921950-0500	projectm-tv	Evaluating dispatch of UIEvent: 0x109f97600; type: 0; subtype: 0; backing type: 11; shouldSend: 1; ignoreInteractionEvents: 0, systemGestureStateChange: 0
default	21:46:58.921997-0500	projectm-tv	Sending UIEvent type: 0; subtype: 0; to windows: 1
default	21:46:58.922033-0500	projectm-tv	Sending UIEvent type: 0; subtype: 0; to window: <UIWindow: 0x106061400>; contextId: 0xEB6CC3FE
default	21:46:58.921973-0500	projectm-tv	Evaluating dispatch of UIEvent: 0x109f97600; type: 0; subtype: 0; backing type: 11; shouldSend: 1; ignoreInteractionEvents: 0, systemGestureStateChange: 0
default	21:46:58.922012-0500	projectm-tv	Sending UIEvent type: 0; subtype: 0; to windows: 1
default	21:46:58.922049-0500	projectm-tv	Sending UIEvent type: 0; subtype: 0; to window: <UIWindow: 0x106061400>; contextId: 0xEB6CC3FE
default	21:46:58.932810-0500	projectm-tv	Evaluating dispatch of UIEvent: 0x109f97600; type: 0; subtype: 0; backing type: 11; shouldSend: 1; ignoreInteractionEvents: 0, systemGestureStateChange: 0
default	21:46:58.933027-0500	projectm-tv	Sending UIEvent type: 0; subtype: 0; to windows: 1
default	21:46:58.933224-0500	projectm-tv	Sending UIEvent type: 0; subtype: 0; to window: <UIWindow: 0x106061400>; contextId: 0xEB6CC3FE
default	21:46:58.932827-0500	projectm-tv	Evaluating dispatch of UIEvent: 0x109f97600; type: 0; subtype: 0; backing type: 11; shouldSend: 1; ignoreInteractionEvents: 0, systemGestureStateChange: 0
default	21:46:58.933043-0500	projectm-tv	Sending UIEvent type: 0; subtype: 0; to windows: 1
default	21:46:58.933240-0500	projectm-tv	Sending UIEvent type: 0; subtype: 0; to window: <UIWindow: 0x106061400>; contextId: 0xEB6CC3FE
default	21:46:58.945853-0500	projectm-tv	Evaluating dispatch of UIEvent: 0x109e6a880; type: 3; subtype: 0; backing type: 3; shouldSend: 1; ignoreInteractionEvents: 0, systemGestureStateChange: 0
default	21:46:58.945920-0500	projectm-tv	Sending UIEvent type: 3; subtype: 0; to windows: 1
default	21:46:58.945986-0500	projectm-tv	Sending UIEvent type: 3; subtype: 0; to window: <UIWindow: 0x106061400>; contextId: 0xEB6CC3FE
default	21:46:58.946610-0500	projectm-tv	networkd_settings_read_from_file_locked initialized networkd settings by reading plist directly
default	21:46:58.945827-0500	projectm-tv	Evaluating dispatch of UIEvent: 0x109e6a880; type: 3; subtype: 0; backing type: 3; shouldSend: 1; ignoreInteractionEvents: 0, systemGestureStateChange: 0
default	21:46:58.945905-0500	projectm-tv	Sending UIEvent type: 3; subtype: 0; to windows: 1
default	21:46:58.945970-0500	projectm-tv	Sending UIEvent type: 3; subtype: 0; to window: <UIWindow: 0x106061400>; contextId: 0xEB6CC3FE
default	21:46:58.946597-0500	projectm-tv	networkd_settings_read_from_file_locked initialized networkd settings by reading plist directly
default	21:46:58.946844-0500	projectm-tv	networkd_settings_read_from_file_locked initialized networkd settings by reading plist directly
default	21:46:58.947103-0500	projectm-tv	[L1 tcp, definite, server, attribution: developer, reuse local address, context: Default Network Context (private), proc: BC39F6D5-FE31-3289-B1BC-E2AB664AE442, delegated upid: 0, local address: ::.9999] start
default	21:46:58.946857-0500	projectm-tv	networkd_settings_read_from_file_locked initialized networkd settings by reading plist directly
default	21:46:58.947132-0500	projectm-tv	[L1 tcp, definite, server, attribution: developer, reuse local address, context: Default Network Context (private), proc: BC39F6D5-FE31-3289-B1BC-E2AB664AE442, delegated upid: 0, local address: ::.9999] start
default	21:46:58.947864-0500	projectm-tv	Evaluating dispatch of UIEvent: 0x109f97600; type: 0; subtype: 0; backing type: 11; shouldSend: 1; ignoreInteractionEvents: 0, systemGestureStateChange: 0
default	21:46:58.947957-0500	projectm-tv	Sending UIEvent type: 0; subtype: 0; to windows: 1
default	21:46:58.947881-0500	projectm-tv	Evaluating dispatch of UIEvent: 0x109f97600; type: 0; subtype: 0; backing type: 11; shouldSend: 1; ignoreInteractionEvents: 0, systemGestureStateChange: 0
default	21:46:58.947972-0500	projectm-tv	Sending UIEvent type: 0; subtype: 0; to windows: 1
default	21:46:58.949459-0500	projectm-tv	Sending UIEvent type: 0; subtype: 0; to window: <UIWindow: 0x106061400>; contextId: 0xEB6CC3FE
default	21:46:58.949485-0500	projectm-tv	Sending UIEvent type: 0; subtype: 0; to window: <UIWindow: 0x106061400>; contextId: 0xEB6CC3FE
default	21:46:58.951404-0500	projectm-tv	nw_listener_reconcile_inboxes_on_queue [L1] Started inbox socket: 4, endpoint: ::.9999, interface: <NULL> with parameters tcp, local: ::.9999, definite, attribution: developer, server
default	21:46:58.951476-0500	projectm-tv	nw_listener_set_state_on_queue [L1] reporting state ready ((null))
default	21:46:58.951420-0500	projectm-tv	nw_listener_reconcile_inboxes_on_queue [L1] Started inbox socket: 4, endpoint: ::.9999, interface: <NULL> with parameters tcp, local: ::.9999, definite, attribution: developer, server
default	21:46:58.951492-0500	projectm-tv	nw_listener_set_state_on_queue [L1] reporting state ready ((null))
default	21:46:58.955028-0500	projectm-tv	nw_listener_reconcile_inboxes_on_queue_block_invoke [L1] Started inbox flow: 16D1E300-19EC-444E-BEA1-071544028F03 interface: utun1, viable, assigned, local: <private>, scope: 4, protocol: 6 with parameters tcp, local: ::.9999, definite, attribution: developer, server
default	21:46:58.955446-0500	projectm-tv	nw_listener_reconcile_inboxes_on_queue_block_invoke [L1] Started inbox flow: 86A85A20-2E87-445C-BE8D-0C436F5ABFDA interface: awdl0, assigned, local: <private>, scope: 11, protocol: 6 with parameters tcp, local: ::.9999, definite, attribution: developer, server
default	21:46:58.955774-0500	projectm-tv	nw_listener_reconcile_inboxes_on_queue_block_invoke [L1] Started inbox flow: A7F45A7A-4E70-4707-92A7-B74433B6476A interface: en1, assigned, local: <private>, scope: 7, protocol: 6 with parameters tcp, local: ::.9999, definite, attribution: developer, server
default	21:46:58.955944-0500	projectm-tv	nw_listener_reconcile_inboxes_on_queue_block_invoke [L1] Started inbox flow: D2E5D5B2-4E6E-47AF-9C01-F7066CDE256A interface: en2, assigned, local: <private>, scope: 9, protocol: 6 with parameters tcp, local: ::.9999, definite, attribution: developer, server
default	21:46:58.955012-0500	projectm-tv	nw_listener_reconcile_inboxes_on_queue_block_invoke [L1] Started inbox flow: 16D1E300-19EC-444E-BEA1-071544028F03 interface: utun1, viable, assigned, local: <private>, scope: 4, protocol: 6 with parameters tcp, local: ::.9999, definite, attribution: developer, server
default	21:46:58.955384-0500	projectm-tv	nw_listener_reconcile_inboxes_on_queue_block_invoke [L1] Started inbox flow: 86A85A20-2E87-445C-BE8D-0C436F5ABFDA interface: awdl0, assigned, local: <private>, scope: 11, protocol: 6 with parameters tcp, local: ::.9999, definite, attribution: developer, server
default	21:46:58.955758-0500	projectm-tv	nw_listener_reconcile_inboxes_on_queue_block_invoke [L1] Started inbox flow: A7F45A7A-4E70-4707-92A7-B74433B6476A interface: en1, assigned, local: <private>, scope: 7, protocol: 6 with parameters tcp, local: ::.9999, definite, attribution: developer, server
default	21:46:58.955929-0500	projectm-tv	nw_listener_reconcile_inboxes_on_queue_block_invoke [L1] Started inbox flow: D2E5D5B2-4E6E-47AF-9C01-F7066CDE256A interface: en2, assigned, local: <private>, scope: 9, protocol: 6 with parameters tcp, local: ::.9999, definite, attribution: developer, server
default	21:46:58.957209-0500	projectm-tv	nw_listener_reconcile_inboxes_on_queue_block_invoke [L1] Started inbox flow: E5E6ADE2-A3A0-4894-8031-48973748F825 interface: en0, assigned, local: <private>, scope: 2, protocol: 6 with parameters tcp, local: ::.9999, definite, attribution: developer, server
default	21:46:58.957223-0500	projectm-tv	nw_listener_reconcile_inboxes_on_queue_block_invoke [L1] Started inbox flow: E5E6ADE2-A3A0-4894-8031-48973748F825 interface: en0, assigned, local: <private>, scope: 2, protocol: 6 with parameters tcp, local: ::.9999, definite, attribution: developer, server
default	21:46:59.031177-0500	projectm-tv	Pixel format registry initialized. Constant classes enabled.
default	21:46:59.031193-0500	projectm-tv	Pixel format registry initialized. Constant classes enabled.
fault	21:46:59.034979-0500	projectm-tv	Publishing changes from within view updates is not allowed, this will cause undefined behavior.
fault	21:46:59.035119-0500	projectm-tv	Publishing changes from within view updates is not allowed, this will cause undefined behavior.
fault	21:46:59.035543-0500	projectm-tv	Publishing changes from within view updates is not allowed, this will cause undefined behavior.
fault	21:46:59.035674-0500	projectm-tv	Publishing changes from within view updates is not allowed, this will cause undefined behavior.
fault	21:46:59.035761-0500	projectm-tv	Publishing changes from within view updates is not allowed, this will cause undefined behavior.
fault	21:46:59.034965-0500	projectm-tv	Publishing changes from within view updates is not allowed, this will cause undefined behavior.
fault	21:46:59.035105-0500	projectm-tv	Publishing changes from within view updates is not allowed, this will cause undefined behavior.
fault	21:46:59.035531-0500	projectm-tv	Publishing changes from within view updates is not allowed, this will cause undefined behavior.
fault	21:46:59.035661-0500	projectm-tv	Publishing changes from within view updates is not allowed, this will cause undefined behavior.
fault	21:46:59.035747-0500	projectm-tv	Publishing changes from within view updates is not allowed, this will cause undefined behavior.
default	21:46:59.043147-0500	projectm-tv	Evaluating dispatch of UIEvent: 0x109f97600; type: 0; subtype: 0; backing type: 11; shouldSend: 1; ignoreInteractionEvents: 0, systemGestureStateChange: 0
default	21:46:59.043190-0500	projectm-tv	Sending UIEvent type: 0; subtype: 0; to windows: 0
default	21:46:59.043230-0500	projectm-tv	Evaluating dispatch of UIEvent: 0x109f97600; type: 0; subtype: 0; backing type: 11; shouldSend: 0; ignoreInteractionEvents: 0, systemGestureStateChange: 0
default	21:46:59.043168-0500	projectm-tv	Evaluating dispatch of UIEvent: 0x109f97600; type: 0; subtype: 0; backing type: 11; shouldSend: 1; ignoreInteractionEvents: 0, systemGestureStateChange: 0
default	21:46:59.043206-0500	projectm-tv	Sending UIEvent type: 0; subtype: 0; to windows: 0
default	21:46:59.043251-0500	projectm-tv	Evaluating dispatch of UIEvent: 0x109f97600; type: 0; subtype: 0; backing type: 11; shouldSend: 0; ignoreInteractionEvents: 0, systemGestureStateChange: 0
default	21:46:59.047233-0500	projectm-tv	[0x111e86a00] activating connection: mach=true listener=false peer=false name=com.apple.analyticsd
default	21:46:59.047276-0500	projectm-tv	[0x111e86a00] activating connection: mach=true listener=false peer=false name=com.apple.analyticsd
default	21:46:59.077291-0500	projectm-tv	Received configuration update from daemon (initial)
default	21:46:59.077306-0500	projectm-tv	Received configuration update from daemon (initial)
default	21:47:03.962194-0500	projectm-tv	[C1 IPv4#38891349:53583 initial channel-flow (satisfied (Path is satisfied), interface: en1[802.11], scoped, ipv4, dns, uses wifi, LQM: good)] event: flow:start_nexus @87827.712s
default	21:47:03.962166-0500	projectm-tv	[C1 IPv4#38891349:53583 initial channel-flow (satisfied (Path is satisfied), interface: en1[802.11], scoped, ipv4, dns, uses wifi, LQM: good)] event: flow:start_nexus @87827.712s
default	21:47:03.964679-0500	projectm-tv	[C1 IPv4#38891349:53583 initial channel-flow (satisfied (Path is satisfied), viable, interface: en1[802.11], scoped, ipv4, dns, uses wifi, LQM: good)] event: flow:receive_nexus @87827.714s
default	21:47:03.965289-0500	projectm-tv	user_tcp_init_all_block_invoke g_tcp_nw_assert_context is false value -1
default	21:47:03.964658-0500	projectm-tv	[C1 IPv4#38891349:53583 initial channel-flow (satisfied (Path is satisfied), viable, interface: en1[802.11], scoped, ipv4, dns, uses wifi, LQM: good)] event: flow:receive_nexus @87827.714s
default	21:47:03.965271-0500	projectm-tv	user_tcp_init_all_block_invoke g_tcp_nw_assert_context is false value -1
default	21:47:03.970227-0500	projectm-tv	-[NWConcrete_nw_listener handleInbound:addProtocolInbox:] [L1] Handling inbound connection (add inbox 0) [C1 IPv4#38891349:53583 tcp, local: 192.168.40.22:9999, definite, attribution: developer, server, path satisfied (Path is satisfied), viable, interface: en1[802.11], scoped, ipv4, dns, uses wifi, LQM: good]
default	21:47:03.970246-0500	projectm-tv	-[NWConcrete_nw_listener handleInbound:addProtocolInbox:] [L1] Handling inbound connection (add inbox 0) [C1 IPv4#38891349:53583 tcp, local: 192.168.40.22:9999, definite, attribution: developer, server, path satisfied (Path is satisfied), viable, interface: en1[802.11], scoped, ipv4, dns, uses wifi, LQM: good]
default	21:47:03.970489-0500	projectm-tv	[C1 C5C0C56E-E2D4-4BE5-BD6F-F4880A10C9FE IPv4#38891349:53583 tcp, definite, server, attribution: developer, reuse local address, context: Default Network Context (private), proc: BC39F6D5-FE31-3289-B1BC-E2AB664AE442, delegated upid: 0, local address: 192.168.40.22:9999] start
default	21:47:03.970633-0500	projectm-tv	[C1 IPv4#38891349:53583 initial channel-flow (satisfied (Path is satisfied), viable, interface: en1[802.11], scoped, ipv4, dns, uses wifi, LQM: good)] event: path:start @0.000s
default	21:47:03.970786-0500	projectm-tv	[C1 IPv4#38891349:53583 waiting channel-flow (satisfied (Path is satisfied), viable, interface: en1[802.11], scoped, ipv4, dns, uses wifi, LQM: good)] event: path:satisfied @0.000s, uuid: BA9DAE4A-2862-4C9A-90D4-3171A7AAFD55
default	21:47:03.970509-0500	projectm-tv	[C1 C5C0C56E-E2D4-4BE5-BD6F-F4880A10C9FE IPv4#38891349:53583 tcp, definite, server, attribution: developer, reuse local address, context: Default Network Context (private), proc: BC39F6D5-FE31-3289-B1BC-E2AB664AE442, delegated upid: 0, local address: 192.168.40.22:9999] start
default	21:47:03.971069-0500	projectm-tv	[C1 IPv4#38891349:53583 in_progress channel-flow (satisfied (Path is satisfied), viable, interface: en1[802.11], scoped, ipv4, dns, uses wifi, LQM: good)] event: flow:start_connect @0.000s
default	21:47:03.970650-0500	projectm-tv	[C1 IPv4#38891349:53583 initial channel-flow (satisfied (Path is satisfied), viable, interface: en1[802.11], scoped, ipv4, dns, uses wifi, LQM: good)] event: path:start @0.000s
default	21:47:03.971123-0500	projectm-tv	nw_connection_report_state_with_handler_on_nw_queue [C1] reporting state preparing
default	21:47:03.971375-0500	projectm-tv	tcp_input [C1:1] flags=[S] seq=435059643, ack=0, win=65535 state=LISTEN rcv_nxt=0, snd_una=0
default	21:47:03.970819-0500	projectm-tv	[C1 IPv4#38891349:53583 waiting channel-flow (satisfied (Path is satisfied), viable, interface: en1[802.11], scoped, ipv4, dns, uses wifi, LQM: good)] event: path:satisfied @0.000s, uuid: BA9DAE4A-2862-4C9A-90D4-3171A7AAFD55
default	21:47:03.971498-0500	projectm-tv	tcp_output [C1:1] flags=[S.] seq=2423415107, ack=435059644, win=65535 state=SYN_RCVD rcv_nxt=435059644, snd_una=2423415107
default	21:47:03.971090-0500	projectm-tv	[C1 IPv4#38891349:53583 in_progress channel-flow (satisfied (Path is satisfied), viable, interface: en1[802.11], scoped, ipv4, dns, uses wifi, LQM: good)] event: flow:start_connect @0.000s
default	21:47:03.971141-0500	projectm-tv	nw_connection_report_state_with_handler_on_nw_queue [C1] reporting state preparing
default	21:47:03.971419-0500	projectm-tv	tcp_input [C1:1] flags=[S] seq=435059643, ack=0, win=65535 state=LISTEN rcv_nxt=0, snd_una=0
default	21:47:03.971539-0500	projectm-tv	tcp_output [C1:1] flags=[S.] seq=2423415107, ack=435059644, win=65535 state=SYN_RCVD rcv_nxt=435059644, snd_una=2423415107
default	21:47:03.985599-0500	projectm-tv	nw_flow_connected [C1 IPv4#38891349:53583 in_progress channel-flow (satisfied (Path is satisfied), viable, interface: en1[802.11], scoped, ipv4, dns, uses wifi, LQM: good)] Output protocol connected (tcp)
default	21:47:03.986215-0500	projectm-tv	nw_flow_connected [C1 IPv4#38891349:53583 in_progress channel-flow (satisfied (Path is satisfied), viable, interface: en1[802.11], scoped, ipv4, dns, uses wifi, LQM: good)] Output protocol connected (tcp)
default	21:47:03.986850-0500	projectm-tv	[C1 IPv4#38891349:53583 ready channel-flow (satisfied (Path is satisfied), viable, interface: en1[802.11], scoped, ipv4, dns, uses wifi, LQM: good)] event: flow:finish_connect @0.015s
default	21:47:03.986870-0500	projectm-tv	[C1 IPv4#38891349:53583 ready channel-flow (satisfied (Path is satisfied), viable, interface: en1[802.11], scoped, ipv4, dns, uses wifi, LQM: good)] event: flow:finish_connect @0.015s
default	21:47:03.987236-0500	projectm-tv	nw_connection_report_state_with_handler_on_nw_queue [C1] reporting state ready
default	21:47:03.987251-0500	projectm-tv	nw_connection_report_state_with_handler_on_nw_queue [C1] reporting state ready
default	21:47:03.987303-0500	projectm-tv	[C1 IPv4#38891349:53583 ready channel-flow (satisfied (Path is satisfied), viable, interface: en1[802.11], scoped, ipv4, dns, uses wifi, LQM: good)] event: flow:changed_viability @0.016s
default	21:47:03.987323-0500	projectm-tv	[C1 IPv4#38891349:53583 ready channel-flow (satisfied (Path is satisfied), viable, interface: en1[802.11], scoped, ipv4, dns, uses wifi, LQM: good)] event: flow:changed_viability @0.016s
default	21:47:14.274527-0500	projectm-tv	Evaluating dispatch of UIEvent: 0x109f97600; type: 0; subtype: 0; backing type: 11; shouldSend: 0; ignoreInteractionEvents: 0, systemGestureStateChange: 0
default	21:47:14.274554-0500	projectm-tv	Evaluating dispatch of UIEvent: 0x109f97600; type: 0; subtype: 0; backing type: 11; shouldSend: 0; ignoreInteractionEvents: 0, systemGestureStateChange: 0
default	21:47:14.760994-0500	projectm-tv	Evaluating dispatch of UIEvent: 0x109f97600; type: 0; subtype: 0; backing type: 11; shouldSend: 0; ignoreInteractionEvents: 0, systemGestureStateChange: 0
default	21:47:14.761010-0500	projectm-tv	Evaluating dispatch of UIEvent: 0x109f97600; type: 0; subtype: 0; backing type: 11; shouldSend: 0; ignoreInteractionEvents: 0, systemGestureStateChange: 0
default	21:47:15.039998-0500	projectm-tv	Evaluating dispatch of UIEvent: 0x109f97600; type: 0; subtype: 0; backing type: 11; shouldSend: 0; ignoreInteractionEvents: 0, systemGestureStateChange: 0
default	21:47:15.039979-0500	projectm-tv	Evaluating dispatch of UIEvent: 0x109f97600; type: 0; subtype: 0; backing type: 11; shouldSend: 0; ignoreInteractionEvents: 0, systemGestureStateChange: 0
default	21:47:15.100327-0500	projectm-tv	Evaluating dispatch of UIEvent: 0x109f97600; type: 0; subtype: 0; backing type: 11; shouldSend: 0; ignoreInteractionEvents: 0, systemGestureStateChange: 0
default	21:47:15.100254-0500	projectm-tv	Evaluating dispatch of UIEvent: 0x109f97600; type: 0; subtype: 0; backing type: 11; shouldSend: 0; ignoreInteractionEvents: 0, systemGestureStateChange: 0
default	21:47:15.416142-0500	projectm-tv	Evaluating dispatch of UIEvent: 0x109f97600; type: 0; subtype: 0; backing type: 11; shouldSend: 0; ignoreInteractionEvents: 0, systemGestureStateChange: 0
default	21:47:15.416090-0500	projectm-tv	Evaluating dispatch of UIEvent: 0x109f97600; type: 0; subtype: 0; backing type: 11; shouldSend: 0; ignoreInteractionEvents: 0, systemGestureStateChange: 0
default	21:47:15.460997-0500	projectm-tv	Evaluating dispatch of UIEvent: 0x109f97600; type: 0; subtype: 0; backing type: 11; shouldSend: 1; ignoreInteractionEvents: 0, systemGestureStateChange: 0
default	21:47:15.461039-0500	projectm-tv	Sending UIEvent type: 0; subtype: 0; to windows: 1
default	21:47:15.461077-0500	projectm-tv	Sending UIEvent type: 0; subtype: 0; to window: <UIWindow: 0x106061400>; contextId: 0xEB6CC3FE
default	21:47:15.460903-0500	projectm-tv	Evaluating dispatch of UIEvent: 0x109f97600; type: 0; subtype: 0; backing type: 11; shouldSend: 1; ignoreInteractionEvents: 0, systemGestureStateChange: 0
default	21:47:15.461021-0500	projectm-tv	Sending UIEvent type: 0; subtype: 0; to windows: 1
default	21:47:15.461061-0500	projectm-tv	Sending UIEvent type: 0; subtype: 0; to window: <UIWindow: 0x106061400>; contextId: 0xEB6CC3FE
default	21:47:15.473331-0500	projectm-tv	Evaluating dispatch of UIEvent: 0x109f97600; type: 0; subtype: 0; backing type: 11; shouldSend: 0; ignoreInteractionEvents: 0, systemGestureStateChange: 0
default	21:47:15.473314-0500	projectm-tv	Evaluating dispatch of UIEvent: 0x109f97600; type: 0; subtype: 0; backing type: 11; shouldSend: 0; ignoreInteractionEvents: 0, systemGestureStateChange: 0
default	21:47:15.973222-0500	projectm-tv	Evaluating dispatch of UIEvent: 0x109f97600; type: 0; subtype: 0; backing type: 11; shouldSend: 1; ignoreInteractionEvents: 0, systemGestureStateChange: 0
default	21:47:15.973264-0500	projectm-tv	Sending UIEvent type: 0; subtype: 0; to windows: 1
default	21:47:15.973285-0500	projectm-tv	Sending UIEvent type: 0; subtype: 0; to windows: 1
default	21:47:15.973341-0500	projectm-tv	Sending UIEvent type: 0; subtype: 0; to window: <UIWindow: 0x106061400>; contextId: 0xEB6CC3FE
default	21:47:15.973361-0500	projectm-tv	Sending UIEvent type: 0; subtype: 0; to window: <UIWindow: 0x106061400>; contextId: 0xEB6CC3FE
default	21:47:15.978455-0500	projectm-tv	Evaluating dispatch of UIEvent: 0x109f97600; type: 0; subtype: 0; backing type: 11; shouldSend: 1; ignoreInteractionEvents: 0, systemGestureStateChange: 0
default	21:47:15.978497-0500	projectm-tv	Sending UIEvent type: 0; subtype: 0; to windows: 1
default	21:47:15.978540-0500	projectm-tv	Sending UIEvent type: 0; subtype: 0; to window: <UIWindow: 0x106061400>; contextId: 0xEB6CC3FE
default	21:47:15.978427-0500	projectm-tv	Evaluating dispatch of UIEvent: 0x109f97600; type: 0; subtype: 0; backing type: 11; shouldSend: 1; ignoreInteractionEvents: 0, systemGestureStateChange: 0
default	21:47:15.978482-0500	projectm-tv	Sending UIEvent type: 0; subtype: 0; to windows: 1
default	21:47:15.978522-0500	projectm-tv	Sending UIEvent type: 0; subtype: 0; to window: <UIWindow: 0x106061400>; contextId: 0xEB6CC3FE
default	21:47:15.998498-0500	projectm-tv	Evaluating dispatch of UIEvent: 0x109f97600; type: 0; subtype: 0; backing type: 11; shouldSend: 1; ignoreInteractionEvents: 0, systemGestureStateChange: 0
default	21:47:15.998553-0500	projectm-tv	Sending UIEvent type: 0; subtype: 0; to windows: 1
default	21:47:16.999718-0500	projectm-tv	Sending UIEvent type: 0; subtype: 0; to window: <UIWindow: 0x106061400>; contextId: 0xEB6CC3FE
default	21:47:15.998445-0500	projectm-tv	Evaluating dispatch of UIEvent: 0x109f97600; type: 0; subtype: 0; backing type: 11; shouldSend: 1; ignoreInteractionEvents: 0, systemGestureStateChange: 0
default	21:47:15.998534-0500	projectm-tv	Sending UIEvent type: 0; subtype: 0; to windows: 1
default	21:47:15.999001-0500	projectm-tv	Sending UIEvent type: 0; subtype: 0; to window: <UIWindow: 0x106061400>; contextId: 0xEB6CC3FE
default	21:47:16.018363-0500	projectm-tv	Evaluating dispatch of UIEvent: 0x109f97600; type: 0; subtype: 0; backing type: 11; shouldSend: 1; ignoreInteractionEvents: 0, systemGestureStateChange: 0
default	21:47:16.018536-0500	projectm-tv	Sending UIEvent type: 0; subtype: 0; to windows: 1
default	21:47:16.018661-0500	projectm-tv	Sending UIEvent type: 0; subtype: 0; to window: <UIWindow: 0x106061400>; contextId: 0xEB6CC3FE
default	21:47:16.018333-0500	projectm-tv	Evaluating dispatch of UIEvent: 0x109f97600; type: 0; subtype: 0; backing type: 11; shouldSend: 1; ignoreInteractionEvents: 0, systemGestureStateChange: 0
default	21:47:16.018521-0500	projectm-tv	Sending UIEvent type: 0; subtype: 0; to windows: 1
default	21:47:16.018646-0500	projectm-tv	Sending UIEvent type: 0; subtype: 0; to window: <UIWindow: 0x106061400>; contextId: 0xEB6CC3FE
default	21:47:16.034102-0500	projectm-tv	Evaluating dispatch of UIEvent: 0x109f97600; type: 0; subtype: 0; backing type: 11; shouldSend: 1; ignoreInteractionEvents: 0, systemGestureStateChange: 0
default	21:47:16.034079-0500	projectm-tv	Evaluating dispatch of UIEvent: 0x109f97600; type: 0; subtype: 0; backing type: 11; shouldSend: 1; ignoreInteractionEvents: 0, systemGestureStateChange: 0
default	21:47:16.034578-0500	projectm-tv	Sending UIEvent type: 0; subtype: 0; to windows: 1
default	21:47:16.034816-0500	projectm-tv	Sending UIEvent type: 0; subtype: 0; to window: <UIWindow: 0x106061400>; contextId: 0xEB6CC3FE
default	21:47:16.034595-0500	projectm-tv	Sending UIEvent type: 0; subtype: 0; to windows: 1
default	21:47:16.034835-0500	projectm-tv	Sending UIEvent type: 0; subtype: 0; to window: <UIWindow: 0x106061400>; contextId: 0xEB6CC3FE
default	21:47:16.047306-0500	projectm-tv	Evaluating dispatch of UIEvent: 0x109f97600; type: 0; subtype: 0; backing type: 11; shouldSend: 1; ignoreInteractionEvents: 0, systemGestureStateChange: 0
default	21:47:16.047561-0500	projectm-tv	Sending UIEvent type: 0; subtype: 0; to windows: 1
default	21:47:16.047665-0500	projectm-tv	Sending UIEvent type: 0; subtype: 0; to window: <UIWindow: 0x106061400>; contextId: 0xEB6CC3FE
default	21:47:16.047277-0500	projectm-tv	Evaluating dispatch of UIEvent: 0x109f97600; type: 0; subtype: 0; backing type: 11; shouldSend: 1; ignoreInteractionEvents: 0, systemGestureStateChange: 0
default	21:47:16.047545-0500	projectm-tv	Sending UIEvent type: 0; subtype: 0; to windows: 1
default	21:47:16.047648-0500	projectm-tv	Sending UIEvent type: 0; subtype: 0; to window: <UIWindow: 0x106061400>; contextId: 0xEB6CC3FE
default	21:47:16.057511-0500	projectm-tv	Evaluating dispatch of UIEvent: 0x109f97600; type: 0; subtype: 0; backing type: 11; shouldSend: 1; ignoreInteractionEvents: 0, systemGestureStateChange: 0
default	21:47:16.057544-0500	projectm-tv	Sending UIEvent type: 0; subtype: 0; to windows: 1
default	21:47:16.057606-0500	projectm-tv	Sending UIEvent type: 0; subtype: 0; to window: <UIWindow: 0x106061400>; contextId: 0xEB6CC3FE
default	21:47:16.057527-0500	projectm-tv	Evaluating dispatch of UIEvent: 0x109f97600; type: 0; subtype: 0; backing type: 11; shouldSend: 1; ignoreInteractionEvents: 0, systemGestureStateChange: 0
default	21:47:16.057559-0500	projectm-tv	Sending UIEvent type: 0; subtype: 0; to windows: 1
default	21:47:16.057625-0500	projectm-tv	Sending UIEvent type: 0; subtype: 0; to window: <UIWindow: 0x106061400>; contextId: 0xEB6CC3FE
default	21:47:16.070272-0500	projectm-tv	Evaluating dispatch of UIEvent: 0x109e6a880; type: 3; subtype: 0; backing type: 3; shouldSend: 1; ignoreInteractionEvents: 0, systemGestureStateChange: 0
default	21:47:16.070310-0500	projectm-tv	Sending UIEvent type: 3; subtype: 0; to windows: 1
default	21:47:16.070436-0500	projectm-tv	Sending UIEvent type: 3; subtype: 0; to window: <UIWindow: 0x106061400>; contextId: 0xEB6CC3FE
default	21:47:16.070530-0500	projectm-tv	Evaluating dispatch of UIEvent: 0x109f97600; type: 0; subtype: 0; backing type: 11; shouldSend: 1; ignoreInteractionEvents: 0, systemGestureStateChange: 0
default	21:47:16.070565-0500	projectm-tv	Sending UIEvent type: 0; subtype: 0; to windows: 1
default	21:47:16.070602-0500	projectm-tv	Sending UIEvent type: 0; subtype: 0; to window: <UIWindow: 0x106061400>; contextId: 0xEB6CC3FE
default	21:47:16.070247-0500	projectm-tv	Evaluating dispatch of UIEvent: 0x109e6a880; type: 3; subtype: 0; backing type: 3; shouldSend: 1; ignoreInteractionEvents: 0, systemGestureStateChange: 0
default	21:47:16.070295-0500	projectm-tv	Sending UIEvent type: 3; subtype: 0; to windows: 1
default	21:47:16.070419-0500	projectm-tv	Sending UIEvent type: 3; subtype: 0; to window: <UIWindow: 0x106061400>; contextId: 0xEB6CC3FE
default	21:47:16.070513-0500	projectm-tv	Evaluating dispatch of UIEvent: 0x109f97600; type: 0; subtype: 0; backing type: 11; shouldSend: 1; ignoreInteractionEvents: 0, systemGestureStateChange: 0
default	21:47:16.070549-0500	projectm-tv	Sending UIEvent type: 0; subtype: 0; to windows: 1
default	21:47:16.070585-0500	projectm-tv	Sending UIEvent type: 0; subtype: 0; to window: <UIWindow: 0x106061400>; contextId: 0xEB6CC3FE
default	21:47:16.188255-0500	projectm-tv	Evaluating dispatch of UIEvent: 0x109e6a880; type: 3; subtype: 0; backing type: 3; shouldSend: 1; ignoreInteractionEvents: 0, systemGestureStateChange: 0
default	21:47:16.188307-0500	projectm-tv	Sending UIEvent type: 3; subtype: 0; to windows: 1
default	21:47:16.188343-0500	projectm-tv	Sending UIEvent type: 3; subtype: 0; to window: <UIWindow: 0x106061400>; contextId: 0xEB6CC3FE
default	21:47:16.188280-0500	projectm-tv	Evaluating dispatch of UIEvent: 0x109e6a880; type: 3; subtype: 0; backing type: 3; shouldSend: 1; ignoreInteractionEvents: 0, systemGestureStateChange: 0
default	21:47:16.188321-0500	projectm-tv	Sending UIEvent type: 3; subtype: 0; to windows: 1
default	21:47:16.188359-0500	projectm-tv	Sending UIEvent type: 3; subtype: 0; to window: <UIWindow: 0x106061400>; contextId: 0xEB6CC3FE
default	21:47:16.412885-0500	projectm-tv	[0x111fa4180] activating connection: mach=false listener=false peer=false name=com.apple.MTLCompilerService
default	21:47:16.412868-0500	projectm-tv	[0x111fa4180] activating connection: mach=false listener=false peer=false name=com.apple.MTLCompilerService
default	21:47:16.416256-0500	projectm-tv	[0x111fa4300] activating connection: mach=false listener=false peer=false name=com.apple.MTLCompilerService
default	21:47:16.416229-0500	projectm-tv	[0x111fa4300] activating connection: mach=false listener=false peer=false name=com.apple.MTLCompilerService
default	21:47:23.639558-0500	projectm-tv	Evaluating dispatch of UIEvent: 0x109f97600; type: 0; subtype: 0; backing type: 11; shouldSend: 0; ignoreInteractionEvents: 0, systemGestureStateChange: 0
default	21:47:23.639581-0500	projectm-tv	Evaluating dispatch of UIEvent: 0x109f97600; type: 0; subtype: 0; backing type: 11; shouldSend: 0; ignoreInteractionEvents: 0, systemGestureStateChange: 0
default	21:47:23.705208-0500	projectm-tv	Evaluating dispatch of UIEvent: 0x109f97600; type: 0; subtype: 0; backing type: 11; shouldSend: 1; ignoreInteractionEvents: 0, systemGestureStateChange: 0
default	21:47:23.705276-0500	projectm-tv	Evaluating dispatch of UIEvent: 0x109f97600; type: 0; subtype: 0; backing type: 11; shouldSend: 1; ignoreInteractionEvents: 0, systemGestureStateChange: 0
default	21:47:23.706052-0500	projectm-tv	Sending UIEvent type: 0; subtype: 0; to windows: 1
default	21:47:23.706192-0500	projectm-tv	Sending UIEvent type: 0; subtype: 0; to window: <UIWindow: 0x106061400>; contextId: 0xEB6CC3FE
default	21:47:23.706072-0500	projectm-tv	Sending UIEvent type: 0; subtype: 0; to windows: 1
default	21:47:23.706211-0500	projectm-tv	Sending UIEvent type: 0; subtype: 0; to window: <UIWindow: 0x106061400>; contextId: 0xEB6CC3FE
default	21:47:23.737617-0500	projectm-tv	Evaluating dispatch of UIEvent: 0x109e6a880; type: 3; subtype: 0; backing type: 3; shouldSend: 1; ignoreInteractionEvents: 0, systemGestureStateChange: 0
default	21:47:23.737725-0500	projectm-tv	Sending UIEvent type: 3; subtype: 0; to windows: 1
default	21:47:23.737819-0500	projectm-tv	Sending UIEvent type: 3; subtype: 0; to window: <UIWindow: 0x106061400>; contextId: 0xEB6CC3FE
default	21:47:23.737593-0500	projectm-tv	Evaluating dispatch of UIEvent: 0x109e6a880; type: 3; subtype: 0; backing type: 3; shouldSend: 1; ignoreInteractionEvents: 0, systemGestureStateChange: 0
default	21:47:23.737709-0500	projectm-tv	Sending UIEvent type: 3; subtype: 0; to windows: 1
default	21:47:23.737803-0500	projectm-tv	Sending UIEvent type: 3; subtype: 0; to window: <UIWindow: 0x106061400>; contextId: 0xEB6CC3FE
default	21:47:23.783658-0500	projectm-tv	Evaluating dispatch of UIEvent: 0x109f97600; type: 0; subtype: 0; backing type: 11; shouldSend: 1; ignoreInteractionEvents: 0, systemGestureStateChange: 0
default	21:47:23.783716-0500	projectm-tv	Sending UIEvent type: 0; subtype: 0; to windows: 1
default	21:47:23.783755-0500	projectm-tv	Sending UIEvent type: 0; subtype: 0; to window: <UIWindow: 0x106061400>; contextId: 0xEB6CC3FE
default	21:47:23.783684-0500	projectm-tv	Evaluating dispatch of UIEvent: 0x109f97600; type: 0; subtype: 0; backing type: 11; shouldSend: 1; ignoreInteractionEvents: 0, systemGestureStateChange: 0
default	21:47:23.783731-0500	projectm-tv	Sending UIEvent type: 0; subtype: 0; to windows: 1
default	21:47:23.783771-0500	projectm-tv	Sending UIEvent type: 0; subtype: 0; to window: <UIWindow: 0x106061400>; contextId: 0xEB6CC3FE
default	21:47:23.837805-0500	projectm-tv	Evaluating dispatch of UIEvent: 0x109e6a880; type: 3; subtype: 0; backing type: 3; shouldSend: 1; ignoreInteractionEvents: 0, systemGestureStateChange: 0
default	21:47:23.837929-0500	projectm-tv	Sending UIEvent type: 3; subtype: 0; to windows: 1
default	21:47:23.837996-0500	projectm-tv	Sending UIEvent type: 3; subtype: 0; to window: <UIWindow: 0x106061400>; contextId: 0xEB6CC3FE
default	21:47:23.837789-0500	projectm-tv	Evaluating dispatch of UIEvent: 0x109e6a880; type: 3; subtype: 0; backing type: 3; shouldSend: 1; ignoreInteractionEvents: 0, systemGestureStateChange: 0
default	21:47:23.837914-0500	projectm-tv	Sending UIEvent type: 3; subtype: 0; to windows: 1
default	21:47:23.837979-0500	projectm-tv	Sending UIEvent type: 3; subtype: 0; to window: <UIWindow: 0x106061400>; contextId: 0xEB6CC3FE
default	21:47:27.779212-0500	projectm-tv	Evaluating dispatch of UIEvent: 0x109f97600; type: 0; subtype: 0; backing type: 11; shouldSend: 1; ignoreInteractionEvents: 0, systemGestureStateChange: 0
default	21:47:27.779295-0500	projectm-tv	Sending UIEvent type: 0; subtype: 0; to windows: 1
default	21:47:27.779337-0500	projectm-tv	Sending UIEvent type: 0; subtype: 0; to window: <UIWindow: 0x106061400>; contextId: 0xEB6CC3FE
default	21:47:27.779242-0500	projectm-tv	Evaluating dispatch of UIEvent: 0x109f97600; type: 0; subtype: 0; backing type: 11; shouldSend: 1; ignoreInteractionEvents: 0, systemGestureStateChange: 0
default	21:47:27.779313-0500	projectm-tv	Sending UIEvent type: 0; subtype: 0; to windows: 1
default	21:47:27.779355-0500	projectm-tv	Sending UIEvent type: 0; subtype: 0; to window: <UIWindow: 0x106061400>; contextId: 0xEB6CC3FE
default	21:47:28.331968-0500	projectm-tv	Evaluating dispatch of UIEvent: 0x109f97600; type: 0; subtype: 0; backing type: 11; shouldSend: 1; ignoreInteractionEvents: 0, systemGestureStateChange: 0
default	21:47:28.332083-0500	projectm-tv	Sending UIEvent type: 0; subtype: 0; to windows: 1
default	21:47:28.332154-0500	projectm-tv	Sending UIEvent type: 0; subtype: 0; to window: <UIWindow: 0x106061400>; contextId: 0xEB6CC3FE
default	21:47:28.332021-0500	projectm-tv	Evaluating dispatch of UIEvent: 0x109f97600; type: 0; subtype: 0; backing type: 11; shouldSend: 1; ignoreInteractionEvents: 0, systemGestureStateChange: 0
default	21:47:28.332099-0500	projectm-tv	Sending UIEvent type: 0; subtype: 0; to windows: 1
default	21:47:28.332170-0500	projectm-tv	Sending UIEvent type: 0; subtype: 0; to window: <UIWindow: 0x106061400>; contextId: 0xEB6CC3FE
default	21:47:28.379137-0500	projectm-tv	Evaluating dispatch of UIEvent: 0x109f97600; type: 0; subtype: 0; backing type: 11; shouldSend: 1; ignoreInteractionEvents: 0, systemGestureStateChange: 0
default	21:47:28.379113-0500	projectm-tv	Evaluating dispatch of UIEvent: 0x109f97600; type: 0; subtype: 0; backing type: 11; shouldSend: 1; ignoreInteractionEvents: 0, systemGestureStateChange: 0
default	21:47:28.379236-0500	projectm-tv	Sending UIEvent type: 0; subtype: 0; to windows: 1
default	21:47:28.379277-0500	projectm-tv	Sending UIEvent type: 0; subtype: 0; to window: <UIWindow: 0x106061400>; contextId: 0xEB6CC3FE
default	21:47:28.379254-0500	projectm-tv	Sending UIEvent type: 0; subtype: 0; to windows: 1
default	21:47:28.379296-0500	projectm-tv	Sending UIEvent type: 0; subtype: 0; to window: <UIWindow: 0x106061400>; contextId: 0xEB6CC3FE
default	21:47:28.400964-0500	projectm-tv	Evaluating dispatch of UIEvent: 0x109f97600; type: 0; subtype: 0; backing type: 11; shouldSend: 1; ignoreInteractionEvents: 0, systemGestureStateChange: 0
default	21:47:28.401143-0500	projectm-tv	Sending UIEvent type: 0; subtype: 0; to windows: 1
default	21:47:28.401026-0500	projectm-tv	Evaluating dispatch of UIEvent: 0x109f97600; type: 0; subtype: 0; backing type: 11; shouldSend: 1; ignoreInteractionEvents: 0, systemGestureStateChange: 0
default	21:47:28.401180-0500	projectm-tv	Sending UIEvent type: 0; subtype: 0; to window: <UIWindow: 0x106061400>; contextId: 0xEB6CC3FE
default	21:47:28.401158-0500	projectm-tv	Sending UIEvent type: 0; subtype: 0; to windows: 1
default	21:47:28.401197-0500	projectm-tv	Sending UIEvent type: 0; subtype: 0; to window: <UIWindow: 0x106061400>; contextId: 0xEB6CC3FE
default	21:47:28.423922-0500	projectm-tv	Evaluating dispatch of UIEvent: 0x109f97600; type: 0; subtype: 0; backing type: 11; shouldSend: 1; ignoreInteractionEvents: 0, systemGestureStateChange: 0
default	21:47:28.424062-0500	projectm-tv	Sending UIEvent type: 0; subtype: 0; to windows: 1
default	21:47:28.424290-0500	projectm-tv	Sending UIEvent type: 0; subtype: 0; to window: <UIWindow: 0x106061400>; contextId: 0xEB6CC3FE
default	21:47:28.423883-0500	projectm-tv	Evaluating dispatch of UIEvent: 0x109f97600; type: 0; subtype: 0; backing type: 11; shouldSend: 1; ignoreInteractionEvents: 0, systemGestureStateChange: 0
default	21:47:28.424046-0500	projectm-tv	Sending UIEvent type: 0; subtype: 0; to windows: 1
default	21:47:28.424273-0500	projectm-tv	Sending UIEvent type: 0; subtype: 0; to window: <UIWindow: 0x106061400>; contextId: 0xEB6CC3FE
default	21:47:28.465873-0500	projectm-tv	Evaluating dispatch of UIEvent: 0x109f97600; type: 0; subtype: 0; backing type: 11; shouldSend: 1; ignoreInteractionEvents: 0, systemGestureStateChange: 0
default	21:47:28.465939-0500	projectm-tv	Sending UIEvent type: 0; subtype: 0; to windows: 1
default	21:47:28.466092-0500	projectm-tv	Sending UIEvent type: 0; subtype: 0; to window: <UIWindow: 0x106061400>; contextId: 0xEB6CC3FE
default	21:47:28.465902-0500	projectm-tv	Evaluating dispatch of UIEvent: 0x109f97600; type: 0; subtype: 0; backing type: 11; shouldSend: 1; ignoreInteractionEvents: 0, systemGestureStateChange: 0
default	21:47:28.465959-0500	projectm-tv	Sending UIEvent type: 0; subtype: 0; to windows: 1
default	21:47:28.466110-0500	projectm-tv	Sending UIEvent type: 0; subtype: 0; to window: <UIWindow: 0x106061400>; contextId: 0xEB6CC3FE
default	21:47:28.505431-0500	projectm-tv	Evaluating dispatch of UIEvent: 0x109f97600; type: 0; subtype: 0; backing type: 11; shouldSend: 1; ignoreInteractionEvents: 0, systemGestureStateChange: 0
default	21:47:28.505561-0500	projectm-tv	Sending UIEvent type: 0; subtype: 0; to windows: 1
default	21:47:28.505462-0500	projectm-tv	Evaluating dispatch of UIEvent: 0x109f97600; type: 0; subtype: 0; backing type: 11; shouldSend: 1; ignoreInteractionEvents: 0, systemGestureStateChange: 0
default	21:47:28.505666-0500	projectm-tv	Sending UIEvent type: 0; subtype: 0; to window: <UIWindow: 0x106061400>; contextId: 0xEB6CC3FE
default	21:47:28.505578-0500	projectm-tv	Sending UIEvent type: 0; subtype: 0; to windows: 1
default	21:47:28.505682-0500	projectm-tv	Sending UIEvent type: 0; subtype: 0; to window: <UIWindow: 0x106061400>; contextId: 0xEB6CC3FE
default	21:47:28.529977-0500	projectm-tv	Sending UIEvent type: 3; subtype: 0; to windows: 1
default	21:47:28.530338-0500	projectm-tv	Sending UIEvent type: 3; subtype: 0; to window: <UIWindow: 0x106061400>; contextId: 0xEB6CC3FE
default	21:47:28.530006-0500	projectm-tv	Sending UIEvent type: 3; subtype: 0; to windows: 1
default	21:47:28.530354-0500	projectm-tv	Sending UIEvent type: 3; subtype: 0; to window: <UIWindow: 0x106061400>; contextId: 0xEB6CC3FE
default	21:47:28.543183-0500	projectm-tv	Evaluating dispatch of UIEvent: 0x109f97600; type: 0; subtype: 0; backing type: 11; shouldSend: 1; ignoreInteractionEvents: 0, systemGestureStateChange: 0
default	21:47:28.543210-0500	projectm-tv	Evaluating dispatch of UIEvent: 0x109f97600; type: 0; subtype: 0; backing type: 11; shouldSend: 1; ignoreInteractionEvents: 0, systemGestureStateChange: 0
default	21:47:28.543315-0500	projectm-tv	Sending UIEvent type: 0; subtype: 0; to windows: 1
default	21:47:28.543332-0500	projectm-tv	Sending UIEvent type: 0; subtype: 0; to windows: 1
default	21:47:28.543551-0500	projectm-tv	Sending UIEvent type: 0; subtype: 0; to window: <UIWindow: 0x106061400>; contextId: 0xEB6CC3FE
default	21:47:28.543574-0500	projectm-tv	Sending UIEvent type: 0; subtype: 0; to window: <UIWindow: 0x106061400>; contextId: 0xEB6CC3FE
default	21:47:28.633174-0500	projectm-tv	Evaluating dispatch of UIEvent: 0x109e6a880; type: 3; subtype: 0; backing type: 3; shouldSend: 1; ignoreInteractionEvents: 0, systemGestureStateChange: 0
default	21:47:28.633383-0500	projectm-tv	Sending UIEvent type: 3; subtype: 0; to windows: 1
default	21:47:28.633203-0500	projectm-tv	Evaluating dispatch of UIEvent: 0x109e6a880; type: 3; subtype: 0; backing type: 3; shouldSend: 1; ignoreInteractionEvents: 0, systemGestureStateChange: 0
default	21:47:28.633491-0500	projectm-tv	Sending UIEvent type: 3; subtype: 0; to window: <UIWindow: 0x106061400>; contextId: 0xEB6CC3FE
default	21:47:28.633399-0500	projectm-tv	Sending UIEvent type: 3; subtype: 0; to windows: 1
default	21:47:28.633507-0500	projectm-tv	Sending UIEvent type: 3; subtype: 0; to window: <UIWindow: 0x106061400>; contextId: 0xEB6CC3FE
default	21:47:29.558303-0500	projectm-tv	Evaluating dispatch of UIEvent: 0x109f97600; type: 0; subtype: 0; backing type: 11; shouldSend: 0; ignoreInteractionEvents: 0, systemGestureStateChange: 0
default	21:47:29.558276-0500	projectm-tv	Evaluating dispatch of UIEvent: 0x109f97600; type: 0; subtype: 0; backing type: 11; shouldSend: 0; ignoreInteractionEvents: 0, systemGestureStateChange: 0
default	21:47:29.765539-0500	projectm-tv	Evaluating dispatch of UIEvent: 0x109f97600; type: 0; subtype: 0; backing type: 11; shouldSend: 1; ignoreInteractionEvents: 0, systemGestureStateChange: 0
default	21:47:29.765592-0500	projectm-tv	Sending UIEvent type: 0; subtype: 0; to windows: 1
default	21:47:29.765662-0500	projectm-tv	Sending UIEvent type: 0; subtype: 0; to window: <UIWindow: 0x106061400>; contextId: 0xEB6CC3FE
default	21:47:29.765567-0500	projectm-tv	Evaluating dispatch of UIEvent: 0x109f97600; type: 0; subtype: 0; backing type: 11; shouldSend: 1; ignoreInteractionEvents: 0, systemGestureStateChange: 0
default	21:47:29.765607-0500	projectm-tv	Sending UIEvent type: 0; subtype: 0; to windows: 1
default	21:47:29.765680-0500	projectm-tv	Sending UIEvent type: 0; subtype: 0; to window: <UIWindow: 0x106061400>; contextId: 0xEB6CC3FE
default	21:47:30.581664-0500	projectm-tv	Evaluating dispatch of UIEvent: 0x109f97600; type: 0; subtype: 0; backing type: 11; shouldSend: 1; ignoreInteractionEvents: 0, systemGestureStateChange: 0
default	21:47:30.581712-0500	projectm-tv	Sending UIEvent type: 0; subtype: 0; to windows: 1
default	21:47:30.581749-0500	projectm-tv	Sending UIEvent type: 0; subtype: 0; to window: <UIWindow: 0x106061400>; contextId: 0xEB6CC3FE
default	21:47:30.581686-0500	projectm-tv	Evaluating dispatch of UIEvent: 0x109f97600; type: 0; subtype: 0; backing type: 11; shouldSend: 1; ignoreInteractionEvents: 0, systemGestureStateChange: 0
default	21:47:30.581728-0500	projectm-tv	Sending UIEvent type: 0; subtype: 0; to windows: 1
default	21:47:30.581767-0500	projectm-tv	Sending UIEvent type: 0; subtype: 0; to window: <UIWindow: 0x106061400>; contextId: 0xEB6CC3FE
default	21:47:30.774365-0500	projectm-tv	Evaluating dispatch of UIEvent: 0x109f97600; type: 0; subtype: 0; backing type: 11; shouldSend: 1; ignoreInteractionEvents: 0, systemGestureStateChange: 0
default	21:47:30.774384-0500	projectm-tv	Evaluating dispatch of UIEvent: 0x109f97600; type: 0; subtype: 0; backing type: 11; shouldSend: 1; ignoreInteractionEvents: 0, systemGestureStateChange: 0
default	21:47:30.774847-0500	projectm-tv	Sending UIEvent type: 0; subtype: 0; to windows: 1
default	21:47:30.774871-0500	projectm-tv	Sending UIEvent type: 0; subtype: 0; to window: <UIWindow: 0x106061400>; contextId: 0xEB6CC3FE
default	21:47:30.916549-0500	projectm-tv	Evaluating dispatch of UIEvent: 0x109f97600; type: 0; subtype: 0; backing type: 11; shouldSend: 1; ignoreInteractionEvents: 0, systemGestureStateChange: 0
default	21:47:30.916601-0500	projectm-tv	Sending UIEvent type: 0; subtype: 0; to windows: 1
default	21:47:30.916874-0500	projectm-tv	Sending UIEvent type: 0; subtype: 0; to window: <UIWindow: 0x106061400>; contextId: 0xEB6CC3FE
default	21:47:30.916568-0500	projectm-tv	Evaluating dispatch of UIEvent: 0x109f97600; type: 0; subtype: 0; backing type: 11; shouldSend: 1; ignoreInteractionEvents: 0, systemGestureStateChange: 0
default	21:47:30.916618-0500	projectm-tv	Sending UIEvent type: 0; subtype: 0; to windows: 1
default	21:47:30.916908-0500	projectm-tv	Sending UIEvent type: 0; subtype: 0; to window: <UIWindow: 0x106061400>; contextId: 0xEB6CC3FE
default	21:47:31.280025-0500	projectm-tv	Evaluating dispatch of UIEvent: 0x109f97600; type: 0; subtype: 0; backing type: 11; shouldSend: 1; ignoreInteractionEvents: 0, systemGestureStateChange: 0
default	21:47:31.280153-0500	projectm-tv	Evaluating dispatch of UIEvent: 0x109f97600; type: 0; subtype: 0; backing type: 11; shouldSend: 1; ignoreInteractionEvents: 0, systemGestureStateChange: 0
default	21:47:31.280272-0500	projectm-tv	Sending UIEvent type: 0; subtype: 0; to windows: 1
default	21:47:31.280256-0500	projectm-tv	Sending UIEvent type: 0; subtype: 0; to windows: 1
default	21:47:31.280459-0500	projectm-tv	Sending UIEvent type: 0; subtype: 0; to window: <UIWindow: 0x106061400>; contextId: 0xEB6CC3FE
default	21:47:31.280486-0500	projectm-tv	Sending UIEvent type: 0; subtype: 0; to window: <UIWindow: 0x106061400>; contextId: 0xEB6CC3FE
default	21:47:31.360997-0500	projectm-tv	Evaluating dispatch of UIEvent: 0x109f97600; type: 0; subtype: 0; backing type: 11; shouldSend: 1; ignoreInteractionEvents: 0, systemGestureStateChange: 0
default	21:47:31.361109-0500	projectm-tv	Sending UIEvent type: 0; subtype: 0; to windows: 1
default	21:47:31.361181-0500	projectm-tv	Sending UIEvent type: 0; subtype: 0; to window: <UIWindow: 0x106061400>; contextId: 0xEB6CC3FE
default	21:47:31.360868-0500	projectm-tv	Evaluating dispatch of UIEvent: 0x109f97600; type: 0; subtype: 0; backing type: 11; shouldSend: 1; ignoreInteractionEvents: 0, systemGestureStateChange: 0
default	21:47:31.361092-0500	projectm-tv	Sending UIEvent type: 0; subtype: 0; to windows: 1
default	21:47:31.361165-0500	projectm-tv	Sending UIEvent type: 0; subtype: 0; to window: <UIWindow: 0x106061400>; contextId: 0xEB6CC3FE
default	21:47:31.362308-0500	projectm-tv	Evaluating dispatch of UIEvent: 0x109f97600; type: 0; subtype: 0; backing type: 11; shouldSend: 1; ignoreInteractionEvents: 0, systemGestureStateChange: 0
default	21:47:31.362539-0500	projectm-tv	Evaluating dispatch of UIEvent: 0x109f97600; type: 0; subtype: 0; backing type: 11; shouldSend: 1; ignoreInteractionEvents: 0, systemGestureStateChange: 0
default	21:47:31.363564-0500	projectm-tv	Sending UIEvent type: 0; subtype: 0; to windows: 1
default	21:47:31.363547-0500	projectm-tv	Sending UIEvent type: 0; subtype: 0; to windows: 1
default	21:47:31.363723-0500	projectm-tv	Sending UIEvent type: 0; subtype: 0; to window: <UIWindow: 0x106061400>; contextId: 0xEB6CC3FE
default	21:47:31.363706-0500	projectm-tv	Sending UIEvent type: 0; subtype: 0; to window: <UIWindow: 0x106061400>; contextId: 0xEB6CC3FE
default	21:47:31.377533-0500	projectm-tv	Evaluating dispatch of UIEvent: 0x109f97600; type: 0; subtype: 0; backing type: 11; shouldSend: 1; ignoreInteractionEvents: 0, systemGestureStateChange: 0
default	21:47:31.377589-0500	projectm-tv	Sending UIEvent type: 0; subtype: 0; to windows: 1
default	21:47:31.377513-0500	projectm-tv	Evaluating dispatch of UIEvent: 0x109f97600; type: 0; subtype: 0; backing type: 11; shouldSend: 1; ignoreInteractionEvents: 0, systemGestureStateChange: 0
default	21:47:31.377573-0500	projectm-tv	Sending UIEvent type: 0; subtype: 0; to windows: 1
default	21:47:31.377713-0500	projectm-tv	Sending UIEvent type: 0; subtype: 0; to window: <UIWindow: 0x106061400>; contextId: 0xEB6CC3FE
default	21:47:31.377875-0500	projectm-tv	Sending UIEvent type: 0; subtype: 0; to window: <UIWindow: 0x106061400>; contextId: 0xEB6CC3FE
default	21:47:31.396157-0500	projectm-tv	Evaluating dispatch of UIEvent: 0x109f97600; type: 0; subtype: 0; backing type: 11; shouldSend: 1; ignoreInteractionEvents: 0, systemGestureStateChange: 0
default	21:47:31.396121-0500	projectm-tv	Evaluating dispatch of UIEvent: 0x109f97600; type: 0; subtype: 0; backing type: 11; shouldSend: 1; ignoreInteractionEvents: 0, systemGestureStateChange: 0
default	21:47:31.402415-0500	projectm-tv	Sending UIEvent type: 0; subtype: 0; to windows: 1
default	21:47:31.402395-0500	projectm-tv	Sending UIEvent type: 0; subtype: 0; to windows: 1
default	21:47:31.402647-0500	projectm-tv	Sending UIEvent type: 0; subtype: 0; to window: <UIWindow: 0x106061400>; contextId: 0xEB6CC3FE
default	21:47:31.402623-0500	projectm-tv	Sending UIEvent type: 0; subtype: 0; to window: <UIWindow: 0x106061400>; contextId: 0xEB6CC3FE
default	21:47:31.406152-0500	projectm-tv	Evaluating dispatch of UIEvent: 0x109f97600; type: 0; subtype: 0; backing type: 11; shouldSend: 1; ignoreInteractionEvents: 0, systemGestureStateChange: 0
default	21:47:31.406131-0500	projectm-tv	Evaluating dispatch of UIEvent: 0x109f97600; type: 0; subtype: 0; backing type: 11; shouldSend: 1; ignoreInteractionEvents: 0, systemGestureStateChange: 0
default	21:47:31.407015-0500	projectm-tv	Sending UIEvent type: 0; subtype: 0; to windows: 1
default	21:47:31.406999-0500	projectm-tv	Sending UIEvent type: 0; subtype: 0; to windows: 1
default	21:47:31.407248-0500	projectm-tv	Sending UIEvent type: 0; subtype: 0; to window: <UIWindow: 0x106061400>; contextId: 0xEB6CC3FE
default	21:47:31.407265-0500	projectm-tv	Sending UIEvent type: 0; subtype: 0; to window: <UIWindow: 0x106061400>; contextId: 0xEB6CC3FE
default	21:47:31.423327-0500	projectm-tv	Evaluating dispatch of UIEvent: 0x109f97600; type: 0; subtype: 0; backing type: 11; shouldSend: 1; ignoreInteractionEvents: 0, systemGestureStateChange: 0
default	21:47:31.423454-0500	projectm-tv	Evaluating dispatch of UIEvent: 0x109f97600; type: 0; subtype: 0; backing type: 11; shouldSend: 1; ignoreInteractionEvents: 0, systemGestureStateChange: 0
default	21:47:31.423531-0500	projectm-tv	Sending UIEvent type: 0; subtype: 0; to windows: 1
default	21:47:31.423547-0500	projectm-tv	Sending UIEvent type: 0; subtype: 0; to windows: 1
default	21:47:31.423819-0500	projectm-tv	Sending UIEvent type: 0; subtype: 0; to window: <UIWindow: 0x106061400>; contextId: 0xEB6CC3FE
default	21:47:31.423837-0500	projectm-tv	Sending UIEvent type: 0; subtype: 0; to window: <UIWindow: 0x106061400>; contextId: 0xEB6CC3FE
default	21:47:31.452305-0500	projectm-tv	Evaluating dispatch of UIEvent: 0x109f97600; type: 0; subtype: 0; backing type: 11; shouldSend: 1; ignoreInteractionEvents: 0, systemGestureStateChange: 0
default	21:47:31.452287-0500	projectm-tv	Evaluating dispatch of UIEvent: 0x109f97600; type: 0; subtype: 0; backing type: 11; shouldSend: 1; ignoreInteractionEvents: 0, systemGestureStateChange: 0
default	21:47:31.452339-0500	projectm-tv	Sending UIEvent type: 0; subtype: 0; to windows: 1
default	21:47:31.452325-0500	projectm-tv	Sending UIEvent type: 0; subtype: 0; to windows: 1
default	21:47:31.452378-0500	projectm-tv	Sending UIEvent type: 0; subtype: 0; to window: <UIWindow: 0x106061400>; contextId: 0xEB6CC3FE
default	21:47:31.452361-0500	projectm-tv	Sending UIEvent type: 0; subtype: 0; to window: <UIWindow: 0x106061400>; contextId: 0xEB6CC3FE
default	21:47:31.498482-0500	projectm-tv	Evaluating dispatch of UIEvent: 0x109f97600; type: 0; subtype: 0; backing type: 11; shouldSend: 1; ignoreInteractionEvents: 0, systemGestureStateChange: 0
default	21:47:31.498653-0500	projectm-tv	Sending UIEvent type: 0; subtype: 0; to windows: 1
default	21:47:31.498821-0500	projectm-tv	Sending UIEvent type: 0; subtype: 0; to window: <UIWindow: 0x106061400>; contextId: 0xEB6CC3FE
default	21:47:31.498507-0500	projectm-tv	Evaluating dispatch of UIEvent: 0x109f97600; type: 0; subtype: 0; backing type: 11; shouldSend: 1; ignoreInteractionEvents: 0, systemGestureStateChange: 0
default	21:47:31.498667-0500	projectm-tv	Sending UIEvent type: 0; subtype: 0; to windows: 1
default	21:47:31.498840-0500	projectm-tv	Sending UIEvent type: 0; subtype: 0; to window: <UIWindow: 0x106061400>; contextId: 0xEB6CC3FE
default	21:47:31.515975-0500	projectm-tv	Evaluating dispatch of UIEvent: 0x109f97600; type: 0; subtype: 0; backing type: 11; shouldSend: 1; ignoreInteractionEvents: 0, systemGestureStateChange: 0
default	21:47:31.515985-0500	projectm-tv	Sending UIEvent type: 0; subtype: 0; to windows: 1
default	21:47:31.515996-0500	projectm-tv	Sending UIEvent type: 0; subtype: 0; to window: <UIWindow: 0x106061400>; contextId: 0xEB6CC3FE
default	21:47:31.515980-0500	projectm-tv	Evaluating dispatch of UIEvent: 0x109f97600; type: 0; subtype: 0; backing type: 11; shouldSend: 1; ignoreInteractionEvents: 0, systemGestureStateChange: 0
default	21:47:31.515990-0500	projectm-tv	Sending UIEvent type: 0; subtype: 0; to windows: 1
default	21:47:31.516000-0500	projectm-tv	Sending UIEvent type: 0; subtype: 0; to window: <UIWindow: 0x106061400>; contextId: 0xEB6CC3FE
default	21:47:31.543901-0500	projectm-tv	Evaluating dispatch of UIEvent: 0x109f97600; type: 0; subtype: 0; backing type: 11; shouldSend: 1; ignoreInteractionEvents: 0, systemGestureStateChange: 0
default	21:47:31.547096-0500	projectm-tv	Sending UIEvent type: 0; subtype: 0; to windows: 1
default	21:47:31.543926-0500	projectm-tv	Evaluating dispatch of UIEvent: 0x109f97600; type: 0; subtype: 0; backing type: 11; shouldSend: 1; ignoreInteractionEvents: 0, systemGestureStateChange: 0
default	21:47:31.547344-0500	projectm-tv	Sending UIEvent type: 0; subtype: 0; to window: <UIWindow: 0x106061400>; contextId: 0xEB6CC3FE
default	21:47:31.547194-0500	projectm-tv	Sending UIEvent type: 0; subtype: 0; to windows: 1
default	21:47:31.547363-0500	projectm-tv	Sending UIEvent type: 0; subtype: 0; to window: <UIWindow: 0x106061400>; contextId: 0xEB6CC3FE
default	21:47:31.552031-0500	projectm-tv	Evaluating dispatch of UIEvent: 0x109f97600; type: 0; subtype: 0; backing type: 11; shouldSend: 1; ignoreInteractionEvents: 0, systemGestureStateChange: 0
default	21:47:31.552563-0500	projectm-tv	Sending UIEvent type: 0; subtype: 0; to windows: 1
default	21:47:31.552721-0500	projectm-tv	Sending UIEvent type: 0; subtype: 0; to window: <UIWindow: 0x106061400>; contextId: 0xEB6CC3FE
default	21:47:31.552048-0500	projectm-tv	Evaluating dispatch of UIEvent: 0x109f97600; type: 0; subtype: 0; backing type: 11; shouldSend: 1; ignoreInteractionEvents: 0, systemGestureStateChange: 0
default	21:47:31.552581-0500	projectm-tv	Sending UIEvent type: 0; subtype: 0; to windows: 1
default	21:47:31.552737-0500	projectm-tv	Sending UIEvent type: 0; subtype: 0; to window: <UIWindow: 0x106061400>; contextId: 0xEB6CC3FE
default	21:47:31.570305-0500	projectm-tv	Evaluating dispatch of UIEvent: 0x109f97600; type: 0; subtype: 0; backing type: 11; shouldSend: 1; ignoreInteractionEvents: 0, systemGestureStateChange: 0
default	21:47:31.570820-0500	projectm-tv	Evaluating dispatch of UIEvent: 0x109f97600; type: 0; subtype: 0; backing type: 11; shouldSend: 1; ignoreInteractionEvents: 0, systemGestureStateChange: 0
default	21:47:31.573079-0500	projectm-tv	Sending UIEvent type: 0; subtype: 0; to windows: 1
default	21:47:31.573772-0500	projectm-tv	Sending UIEvent type: 0; subtype: 0; to windows: 1
default	21:47:31.574892-0500	projectm-tv	Sending UIEvent type: 0; subtype: 0; to window: <UIWindow: 0x106061400>; contextId: 0xEB6CC3FE
default	21:47:31.574969-0500	projectm-tv	Sending UIEvent type: 0; subtype: 0; to window: <UIWindow: 0x106061400>; contextId: 0xEB6CC3FE
default	21:47:31.805262-0500	projectm-tv	Evaluating dispatch of UIEvent: 0x109f97600; type: 0; subtype: 0; backing type: 11; shouldSend: 1; ignoreInteractionEvents: 0, systemGestureStateChange: 0
default	21:47:31.805299-0500	projectm-tv	Sending UIEvent type: 0; subtype: 0; to windows: 1
default	21:47:31.805422-0500	projectm-tv	Sending UIEvent type: 0; subtype: 0; to window: <UIWindow: 0x106061400>; contextId: 0xEB6CC3FE
default	21:47:31.805279-0500	projectm-tv	Evaluating dispatch of UIEvent: 0x109f97600; type: 0; subtype: 0; backing type: 11; shouldSend: 1; ignoreInteractionEvents: 0, systemGestureStateChange: 0
default	21:47:31.805387-0500	projectm-tv	Sending UIEvent type: 0; subtype: 0; to windows: 1
default	21:47:31.805439-0500	projectm-tv	Sending UIEvent type: 0; subtype: 0; to window: <UIWindow: 0x106061400>; contextId: 0xEB6CC3FE
default	21:47:31.843456-0500	projectm-tv	Evaluating dispatch of UIEvent: 0x109f97600; type: 0; subtype: 0; backing type: 11; shouldSend: 1; ignoreInteractionEvents: 0, systemGestureStateChange: 0
default	21:47:31.843475-0500	projectm-tv	Evaluating dispatch of UIEvent: 0x109f97600; type: 0; subtype: 0; backing type: 11; shouldSend: 1; ignoreInteractionEvents: 0, systemGestureStateChange: 0
default	21:47:31.843523-0500	projectm-tv	Sending UIEvent type: 0; subtype: 0; to windows: 1
default	21:47:31.843542-0500	projectm-tv	Sending UIEvent type: 0; subtype: 0; to windows: 1
default	21:47:31.843658-0500	projectm-tv	Sending UIEvent type: 0; subtype: 0; to window: <UIWindow: 0x106061400>; contextId: 0xEB6CC3FE
default	21:47:31.843677-0500	projectm-tv	Sending UIEvent type: 0; subtype: 0; to window: <UIWindow: 0x106061400>; contextId: 0xEB6CC3FE
default	21:47:31.881515-0500	projectm-tv	Evaluating dispatch of UIEvent: 0x109f97600; type: 0; subtype: 0; backing type: 11; shouldSend: 1; ignoreInteractionEvents: 0, systemGestureStateChange: 0
default	21:47:31.881696-0500	projectm-tv	Sending UIEvent type: 0; subtype: 0; to windows: 1
default	21:47:31.881793-0500	projectm-tv	Sending UIEvent type: 0; subtype: 0; to window: <UIWindow: 0x106061400>; contextId: 0xEB6CC3FE
default	21:47:31.881628-0500	projectm-tv	Evaluating dispatch of UIEvent: 0x109f97600; type: 0; subtype: 0; backing type: 11; shouldSend: 1; ignoreInteractionEvents: 0, systemGestureStateChange: 0
default	21:47:31.881719-0500	projectm-tv	Sending UIEvent type: 0; subtype: 0; to windows: 1
default	21:47:31.881809-0500	projectm-tv	Sending UIEvent type: 0; subtype: 0; to window: <UIWindow: 0x106061400>; contextId: 0xEB6CC3FE
default	21:47:32.054429-0500	projectm-tv	Evaluating dispatch of UIEvent: 0x109f97600; type: 0; subtype: 0; backing type: 11; shouldSend: 1; ignoreInteractionEvents: 0, systemGestureStateChange: 0
default	21:47:32.054549-0500	projectm-tv	Sending UIEvent type: 0; subtype: 0; to windows: 1
default	21:47:32.054650-0500	projectm-tv	Sending UIEvent type: 0; subtype: 0; to window: <UIWindow: 0x106061400>; contextId: 0xEB6CC3FE
default	21:47:32.054451-0500	projectm-tv	Evaluating dispatch of UIEvent: 0x109f97600; type: 0; subtype: 0; backing type: 11; shouldSend: 1; ignoreInteractionEvents: 0, systemGestureStateChange: 0
default	21:47:32.054567-0500	projectm-tv	Sending UIEvent type: 0; subtype: 0; to windows: 1
default	21:47:32.054666-0500	projectm-tv	Sending UIEvent type: 0; subtype: 0; to window: <UIWindow: 0x106061400>; contextId: 0xEB6CC3FE
default	21:47:32.081223-0500	projectm-tv	Evaluating dispatch of UIEvent: 0x109f97600; type: 0; subtype: 0; backing type: 11; shouldSend: 1; ignoreInteractionEvents: 0, systemGestureStateChange: 0
default	21:47:32.081430-0500	projectm-tv	Sending UIEvent type: 0; subtype: 0; to windows: 1
default	21:47:32.081504-0500	projectm-tv	Sending UIEvent type: 0; subtype: 0; to window: <UIWindow: 0x106061400>; contextId: 0xEB6CC3FE
default	21:47:32.081199-0500	projectm-tv	Evaluating dispatch of UIEvent: 0x109f97600; type: 0; subtype: 0; backing type: 11; shouldSend: 1; ignoreInteractionEvents: 0, systemGestureStateChange: 0
default	21:47:32.081415-0500	projectm-tv	Sending UIEvent type: 0; subtype: 0; to windows: 1
default	21:47:32.081486-0500	projectm-tv	Sending UIEvent type: 0; subtype: 0; to window: <UIWindow: 0x106061400>; contextId: 0xEB6CC3FE
default	21:47:32.110089-0500	projectm-tv	Evaluating dispatch of UIEvent: 0x109f97600; type: 0; subtype: 0; backing type: 11; shouldSend: 1; ignoreInteractionEvents: 0, systemGestureStateChange: 0
default	21:47:32.110259-0500	projectm-tv	Sending UIEvent type: 0; subtype: 0; to windows: 1
default	21:47:32.110539-0500	projectm-tv	Sending UIEvent type: 0; subtype: 0; to window: <UIWindow: 0x106061400>; contextId: 0xEB6CC3FE
default	21:47:32.110110-0500	projectm-tv	Evaluating dispatch of UIEvent: 0x109f97600; type: 0; subtype: 0; backing type: 11; shouldSend: 1; ignoreInteractionEvents: 0, systemGestureStateChange: 0
default	21:47:32.110274-0500	projectm-tv	Sending UIEvent type: 0; subtype: 0; to windows: 1
default	21:47:32.110569-0500	projectm-tv	Sending UIEvent type: 0; subtype: 0; to window: <UIWindow: 0x106061400>; contextId: 0xEB6CC3FE
default	21:47:33.160603-0500	projectm-tv	Evaluating dispatch of UIEvent: 0x109f97600; type: 0; subtype: 0; backing type: 11; shouldSend: 0; ignoreInteractionEvents: 0, systemGestureStateChange: 0
default	21:47:33.160649-0500	projectm-tv	Evaluating dispatch of UIEvent: 0x109f97600; type: 0; subtype: 0; backing type: 11; shouldSend: 0; ignoreInteractionEvents: 0, systemGestureStateChange: 0
default	21:47:33.431457-0500	projectm-tv	Evaluating dispatch of UIEvent: 0x109f97600; type: 0; subtype: 0; backing type: 11; shouldSend: 1; ignoreInteractionEvents: 0, systemGestureStateChange: 0
default	21:47:33.431885-0500	projectm-tv	Sending UIEvent type: 0; subtype: 0; to windows: 1
default	21:47:33.431941-0500	projectm-tv	Sending UIEvent type: 0; subtype: 0; to window: <UIWindow: 0x106061400>; contextId: 0xEB6CC3FE
default	21:47:33.431437-0500	projectm-tv	Evaluating dispatch of UIEvent: 0x109f97600; type: 0; subtype: 0; backing type: 11; shouldSend: 1; ignoreInteractionEvents: 0, systemGestureStateChange: 0
default	21:47:33.431822-0500	projectm-tv	Sending UIEvent type: 0; subtype: 0; to windows: 1
default	21:47:33.431921-0500	projectm-tv	Sending UIEvent type: 0; subtype: 0; to window: <UIWindow: 0x106061400>; contextId: 0xEB6CC3FE
default	21:47:35.900923-0500	projectm-tv	Evaluating dispatch of UIEvent: 0x109f97600; type: 0; subtype: 0; backing type: 11; shouldSend: 1; ignoreInteractionEvents: 0, systemGestureStateChange: 0
default	21:47:35.901046-0500	projectm-tv	Sending UIEvent type: 0; subtype: 0; to windows: 1
default	21:47:35.901159-0500	projectm-tv	Sending UIEvent type: 0; subtype: 0; to window: <UIWindow: 0x106061400>; contextId: 0xEB6CC3FE
default	21:47:35.900949-0500	projectm-tv	Evaluating dispatch of UIEvent: 0x109f97600; type: 0; subtype: 0; backing type: 11; shouldSend: 1; ignoreInteractionEvents: 0, systemGestureStateChange: 0
default	21:47:35.901062-0500	projectm-tv	Sending UIEvent type: 0; subtype: 0; to windows: 1
default	21:47:35.901176-0500	projectm-tv	Sending UIEvent type: 0; subtype: 0; to window: <UIWindow: 0x106061400>; contextId: 0xEB6CC3FE
default	21:47:35.934647-0500	projectm-tv	Evaluating dispatch of UIEvent: 0x109f97600; type: 0; subtype: 0; backing type: 11; shouldSend: 1; ignoreInteractionEvents: 0, systemGestureStateChange: 0
default	21:47:35.934756-0500	projectm-tv	Sending UIEvent type: 0; subtype: 0; to windows: 1
default	21:47:35.934798-0500	projectm-tv	Sending UIEvent type: 0; subtype: 0; to window: <UIWindow: 0x106061400>; contextId: 0xEB6CC3FE
default	21:47:35.934715-0500	projectm-tv	Evaluating dispatch of UIEvent: 0x109f97600; type: 0; subtype: 0; backing type: 11; shouldSend: 1; ignoreInteractionEvents: 0, systemGestureStateChange: 0
default	21:47:35.934773-0500	projectm-tv	Sending UIEvent type: 0; subtype: 0; to windows: 1
default	21:47:35.934818-0500	projectm-tv	Sending UIEvent type: 0; subtype: 0; to window: <UIWindow: 0x106061400>; contextId: 0xEB6CC3FE
default	21:47:37.125442-0500	projectm-tv	Evaluating dispatch of UIEvent: 0x109f97600; type: 0; subtype: 0; backing type: 11; shouldSend: 1; ignoreInteractionEvents: 0, systemGestureStateChange: 0
default	21:47:37.125416-0500	projectm-tv	Evaluating dispatch of UIEvent: 0x109f97600; type: 0; subtype: 0; backing type: 11; shouldSend: 1; ignoreInteractionEvents: 0, systemGestureStateChange: 0
default	21:47:37.305051-0500	projectm-tv	Evaluating dispatch of UIEvent: 0x109f97600; type: 0; subtype: 0; backing type: 11; shouldSend: 1; ignoreInteractionEvents: 0, systemGestureStateChange: 0
default	21:47:37.305154-0500	projectm-tv	Sending UIEvent type: 0; subtype: 0; to windows: 1
default	21:47:37.305025-0500	projectm-tv	Evaluating dispatch of UIEvent: 0x109f97600; type: 0; subtype: 0; backing type: 11; shouldSend: 1; ignoreInteractionEvents: 0, systemGestureStateChange: 0
default	21:47:37.305139-0500	projectm-tv	Sending UIEvent type: 0; subtype: 0; to windows: 1
default	21:47:37.305485-0500	projectm-tv	Sending UIEvent type: 0; subtype: 0; to window: <UIWindow: 0x106061400>; contextId: 0xEB6CC3FE
default	21:47:37.305517-0500	projectm-tv	Sending UIEvent type: 0; subtype: 0; to window: <UIWindow: 0x106061400>; contextId: 0xEB6CC3FE
default	21:47:37.365200-0500	projectm-tv	Evaluating dispatch of UIEvent: 0x109f97600; type: 0; subtype: 0; backing type: 11; shouldSend: 1; ignoreInteractionEvents: 0, systemGestureStateChange: 0
default	21:47:37.365209-0500	projectm-tv	Sending UIEvent type: 0; subtype: 0; to windows: 1
default	21:47:37.365217-0500	projectm-tv	Sending UIEvent type: 0; subtype: 0; to window: <UIWindow: 0x106061400>; contextId: 0xEB6CC3FE
default	21:47:37.365196-0500	projectm-tv	Evaluating dispatch of UIEvent: 0x109f97600; type: 0; subtype: 0; backing type: 11; shouldSend: 1; ignoreInteractionEvents: 0, systemGestureStateChange: 0
default	21:47:37.365206-0500	projectm-tv	Sending UIEvent type: 0; subtype: 0; to windows: 1
default	21:47:37.365214-0500	projectm-tv	Sending UIEvent type: 0; subtype: 0; to window: <UIWindow: 0x106061400>; contextId: 0xEB6CC3FE
default	21:47:37.381293-0500	projectm-tv	Evaluating dispatch of UIEvent: 0x109e6a880; type: 3; subtype: 0; backing type: 3; shouldSend: 1; ignoreInteractionEvents: 0, systemGestureStateChange: 0
default	21:47:37.381361-0500	projectm-tv	Sending UIEvent type: 3; subtype: 0; to windows: 1
default	21:47:37.381433-0500	projectm-tv	Sending UIEvent type: 3; subtype: 0; to window: <UIWindow: 0x106061400>; contextId: 0xEB6CC3FE
default	21:47:37.381261-0500	projectm-tv	Evaluating dispatch of UIEvent: 0x109e6a880; type: 3; subtype: 0; backing type: 3; shouldSend: 1; ignoreInteractionEvents: 0, systemGestureStateChange: 0
default	21:47:37.381346-0500	projectm-tv	Sending UIEvent type: 3; subtype: 0; to windows: 1
default	21:47:37.381416-0500	projectm-tv	Sending UIEvent type: 3; subtype: 0; to window: <UIWindow: 0x106061400>; contextId: 0xEB6CC3FE
default	21:47:37.404576-0500	projectm-tv	Evaluating dispatch of UIEvent: 0x109f97600; type: 0; subtype: 0; backing type: 11; shouldSend: 1; ignoreInteractionEvents: 0, systemGestureStateChange: 0
default	21:47:37.404804-0500	projectm-tv	Sending UIEvent type: 0; subtype: 0; to windows: 1
default	21:47:37.404603-0500	projectm-tv	Evaluating dispatch of UIEvent: 0x109f97600; type: 0; subtype: 0; backing type: 11; shouldSend: 1; ignoreInteractionEvents: 0, systemGestureStateChange: 0
default	21:47:37.404993-0500	projectm-tv	Sending UIEvent type: 0; subtype: 0; to window: <UIWindow: 0x106061400>; contextId: 0xEB6CC3FE
default	21:47:37.404822-0500	projectm-tv	Sending UIEvent type: 0; subtype: 0; to windows: 1
default	21:47:37.405054-0500	projectm-tv	Sending UIEvent type: 0; subtype: 0; to window: <UIWindow: 0x106061400>; contextId: 0xEB6CC3FE
default	21:47:37.446212-0500	projectm-tv	Evaluating dispatch of UIEvent: 0x109e6a880; type: 3; subtype: 0; backing type: 3; shouldSend: 1; ignoreInteractionEvents: 0, systemGestureStateChange: 0
default	21:47:37.446259-0500	projectm-tv	Sending UIEvent type: 3; subtype: 0; to windows: 1
default	21:47:37.446295-0500	projectm-tv	Sending UIEvent type: 3; subtype: 0; to window: <UIWindow: 0x106061400>; contextId: 0xEB6CC3FE
default	21:47:37.446237-0500	projectm-tv	Evaluating dispatch of UIEvent: 0x109e6a880; type: 3; subtype: 0; backing type: 3; shouldSend: 1; ignoreInteractionEvents: 0, systemGestureStateChange: 0
default	21:47:37.446274-0500	projectm-tv	Sending UIEvent type: 3; subtype: 0; to windows: 1
default	21:47:37.446311-0500	projectm-tv	Sending UIEvent type: 3; subtype: 0; to window: <UIWindow: 0x106061400>; contextId: 0xEB6CC3FE
default	21:47:38.214751-0500	projectm-tv	Evaluating dispatch of UIEvent: 0x109f97600; type: 0; subtype: 0; backing type: 11; shouldSend: 0; ignoreInteractionEvents: 0, systemGestureStateChange: 0
default	21:47:38.214732-0500	projectm-tv	Evaluating dispatch of UIEvent: 0x109f97600; type: 0; subtype: 0; backing type: 11; shouldSend: 0; ignoreInteractionEvents: 0, systemGestureStateChange: 0
default	21:47:39.278577-0500	projectm-tv	Evaluating dispatch of UIEvent: 0x109f97600; type: 0; subtype: 0; backing type: 11; shouldSend: 0; ignoreInteractionEvents: 0, systemGestureStateChange: 0
default	21:47:39.278558-0500	projectm-tv	Evaluating dispatch of UIEvent: 0x109f97600; type: 0; subtype: 0; backing type: 11; shouldSend: 0; ignoreInteractionEvents: 0, systemGestureStateChange: 0
default	21:47:39.508229-0500	projectm-tv	Evaluating dispatch of UIEvent: 0x109f97600; type: 0; subtype: 0; backing type: 11; shouldSend: 0; ignoreInteractionEvents: 0, systemGestureStateChange: 0
default	21:47:39.508249-0500	projectm-tv	Evaluating dispatch of UIEvent: 0x109f97600; type: 0; subtype: 0; backing type: 11; shouldSend: 0; ignoreInteractionEvents: 0, systemGestureStateChange: 0
default	21:47:39.523360-0500	projectm-tv	Evaluating dispatch of UIEvent: 0x109f97600; type: 0; subtype: 0; backing type: 11; shouldSend: 1; ignoreInteractionEvents: 0, systemGestureStateChange: 0
default	21:47:39.523452-0500	projectm-tv	Sending UIEvent type: 0; subtype: 0; to windows: 1
default	21:47:39.523605-0500	projectm-tv	Sending UIEvent type: 0; subtype: 0; to window: <UIWindow: 0x106061400>; contextId: 0xEB6CC3FE
default	21:47:39.523391-0500	projectm-tv	Evaluating dispatch of UIEvent: 0x109f97600; type: 0; subtype: 0; backing type: 11; shouldSend: 1; ignoreInteractionEvents: 0, systemGestureStateChange: 0
default	21:47:39.523467-0500	projectm-tv	Sending UIEvent type: 0; subtype: 0; to windows: 1
default	21:47:39.523623-0500	projectm-tv	Sending UIEvent type: 0; subtype: 0; to window: <UIWindow: 0x106061400>; contextId: 0xEB6CC3FE
default	21:47:39.690825-0500	projectm-tv	Evaluating dispatch of UIEvent: 0x109f97600; type: 0; subtype: 0; backing type: 11; shouldSend: 0; ignoreInteractionEvents: 0, systemGestureStateChange: 0
default	21:47:39.690907-0500	projectm-tv	Evaluating dispatch of UIEvent: 0x109f97600; type: 0; subtype: 0; backing type: 11; shouldSend: 0; ignoreInteractionEvents: 0, systemGestureStateChange: 0
default	21:47:39.811372-0500	projectm-tv	Evaluating dispatch of UIEvent: 0x109e6a880; type: 3; subtype: 0; backing type: 3; shouldSend: 1; ignoreInteractionEvents: 0, systemGestureStateChange: 0
default	21:47:39.812010-0500	projectm-tv	Sending UIEvent type: 3; subtype: 0; to windows: 1
default	21:47:39.811398-0500	projectm-tv	Evaluating dispatch of UIEvent: 0x109e6a880; type: 3; subtype: 0; backing type: 3; shouldSend: 1; ignoreInteractionEvents: 0, systemGestureStateChange: 0
default	21:47:39.812118-0500	projectm-tv	Sending UIEvent type: 3; subtype: 0; to window: <UIWindow: 0x106061400>; contextId: 0xEB6CC3FE
default	21:47:39.812026-0500	projectm-tv	Sending UIEvent type: 3; subtype: 0; to windows: 1
default	21:47:39.812135-0500	projectm-tv	Sending UIEvent type: 3; subtype: 0; to window: <UIWindow: 0x106061400>; contextId: 0xEB6CC3FE
default	21:47:39.868299-0500	projectm-tv	Evaluating dispatch of UIEvent: 0x109f97600; type: 0; subtype: 0; backing type: 11; shouldSend: 1; ignoreInteractionEvents: 0, systemGestureStateChange: 0
default	21:47:39.868446-0500	projectm-tv	Sending UIEvent type: 0; subtype: 0; to windows: 1
default	21:47:39.868659-0500	projectm-tv	Sending UIEvent type: 0; subtype: 0; to window: <UIWindow: 0x106061400>; contextId: 0xEB6CC3FE
default	21:47:39.868273-0500	projectm-tv	Evaluating dispatch of UIEvent: 0x109f97600; type: 0; subtype: 0; backing type: 11; shouldSend: 1; ignoreInteractionEvents: 0, systemGestureStateChange: 0
default	21:47:39.868429-0500	projectm-tv	Sending UIEvent type: 0; subtype: 0; to windows: 1
default	21:47:39.868639-0500	projectm-tv	Sending UIEvent type: 0; subtype: 0; to window: <UIWindow: 0x106061400>; contextId: 0xEB6CC3FE
default	21:47:39.927017-0500	projectm-tv	Evaluating dispatch of UIEvent: 0x109e6a880; type: 3; subtype: 0; backing type: 3; shouldSend: 1; ignoreInteractionEvents: 0, systemGestureStateChange: 0
default	21:47:39.927280-0500	projectm-tv	Sending UIEvent type: 3; subtype: 0; to windows: 1
default	21:47:39.927550-0500	projectm-tv	Sending UIEvent type: 3; subtype: 0; to window: <UIWindow: 0x106061400>; contextId: 0xEB6CC3FE
default	21:47:39.926994-0500	projectm-tv	Evaluating dispatch of UIEvent: 0x109e6a880; type: 3; subtype: 0; backing type: 3; shouldSend: 1; ignoreInteractionEvents: 0, systemGestureStateChange: 0
default	21:47:39.927263-0500	projectm-tv	Sending UIEvent type: 3; subtype: 0; to windows: 1
default	21:47:39.927532-0500	projectm-tv	Sending UIEvent type: 3; subtype: 0; to window: <UIWindow: 0x106061400>; contextId: 0xEB6CC3FE
default	21:47:40.493114-0500	projectm-tv	Evaluating dispatch of UIEvent: 0x109f97600; type: 0; subtype: 0; backing type: 11; shouldSend: 0; ignoreInteractionEvents: 0, systemGestureStateChange: 0
default	21:47:40.493165-0500	projectm-tv	Evaluating dispatch of UIEvent: 0x109f97600; type: 0; subtype: 0; backing type: 11; shouldSend: 0; ignoreInteractionEvents: 0, systemGestureStateChange: 0
default	21:47:41.281989-0500	projectm-tv	Evaluating dispatch of UIEvent: 0x109f97600; type: 0; subtype: 0; backing type: 11; shouldSend: 1; ignoreInteractionEvents: 0, systemGestureStateChange: 0
default	21:47:41.282027-0500	projectm-tv	Sending UIEvent type: 0; subtype: 0; to windows: 1
default	21:47:41.282068-0500	projectm-tv	Sending UIEvent type: 0; subtype: 0; to window: <UIWindow: 0x106061400>; contextId: 0xEB6CC3FE
default	21:47:41.281971-0500	projectm-tv	Evaluating dispatch of UIEvent: 0x109f97600; type: 0; subtype: 0; backing type: 11; shouldSend: 1; ignoreInteractionEvents: 0, systemGestureStateChange: 0
default	21:47:41.282010-0500	projectm-tv	Sending UIEvent type: 0; subtype: 0; to windows: 1
default	21:47:41.282052-0500	projectm-tv	Sending UIEvent type: 0; subtype: 0; to window: <UIWindow: 0x106061400>; contextId: 0xEB6CC3FE
default	21:47:44.216207-0500	projectm-tv	Evaluating dispatch of UIEvent: 0x109f97600; type: 0; subtype: 0; backing type: 11; shouldSend: 1; ignoreInteractionEvents: 0, systemGestureStateChange: 0
default	21:47:44.216243-0500	projectm-tv	Sending UIEvent type: 0; subtype: 0; to windows: 1
default	21:47:44.216834-0500	projectm-tv	Sending UIEvent type: 0; subtype: 0; to window: <UIWindow: 0x106061400>; contextId: 0xEB6CC3FE
default	21:47:44.216191-0500	projectm-tv	Evaluating dispatch of UIEvent: 0x109f97600; type: 0; subtype: 0; backing type: 11; shouldSend: 1; ignoreInteractionEvents: 0, systemGestureStateChange: 0
default	21:47:44.216227-0500	projectm-tv	Sending UIEvent type: 0; subtype: 0; to windows: 1
default	21:47:44.216815-0500	projectm-tv	Sending UIEvent type: 0; subtype: 0; to window: <UIWindow: 0x106061400>; contextId: 0xEB6CC3FE
default	21:47:44.243077-0500	projectm-tv	Evaluating dispatch of UIEvent: 0x109f97600; type: 0; subtype: 0; backing type: 11; shouldSend: 0; ignoreInteractionEvents: 0, systemGestureStateChange: 0
default	21:47:44.243094-0500	projectm-tv	Evaluating dispatch of UIEvent: 0x109f97600; type: 0; subtype: 0; backing type: 11; shouldSend: 0; ignoreInteractionEvents: 0, systemGestureStateChange: 0
default	21:47:51.665754-0500	projectm-tv	Evaluating dispatch of UIEvent: 0x109f97600; type: 0; subtype: 0; backing type: 11; shouldSend: 1; ignoreInteractionEvents: 0, systemGestureStateChange: 0
default	21:47:51.665817-0500	projectm-tv	Sending UIEvent type: 0; subtype: 0; to windows: 1
default	21:47:51.666152-0500	projectm-tv	Sending UIEvent type: 0; subtype: 0; to window: <UIWindow: 0x106061400>; contextId: 0xEB6CC3FE
default	21:47:51.665786-0500	projectm-tv	Evaluating dispatch of UIEvent: 0x109f97600; type: 0; subtype: 0; backing type: 11; shouldSend: 1; ignoreInteractionEvents: 0, systemGestureStateChange: 0
default	21:47:51.665832-0500	projectm-tv	Sending UIEvent type: 0; subtype: 0; to windows: 1
default	21:47:51.666189-0500	projectm-tv	Sending UIEvent type: 0; subtype: 0; to window: <UIWindow: 0x106061400>; contextId: 0xEB6CC3FE
default	21:47:51.786037-0500	projectm-tv	Evaluating dispatch of UIEvent: 0x109e6a880; type: 3; subtype: 0; backing type: 3; shouldSend: 1; ignoreInteractionEvents: 0, systemGestureStateChange: 0
default	21:47:51.786199-0500	projectm-tv	Sending UIEvent type: 3; subtype: 0; to windows: 1
default	21:47:51.786858-0500	projectm-tv	Sending UIEvent type: 3; subtype: 0; to window: <UIWindow: 0x106061400>; contextId: 0xEB6CC3FE
default	21:47:51.786062-0500	projectm-tv	Evaluating dispatch of UIEvent: 0x109e6a880; type: 3; subtype: 0; backing type: 3; shouldSend: 1; ignoreInteractionEvents: 0, systemGestureStateChange: 0
default	21:47:51.786212-0500	projectm-tv	Sending UIEvent type: 3; subtype: 0; to windows: 1
default	21:47:51.786879-0500	projectm-tv	Sending UIEvent type: 3; subtype: 0; to window: <UIWindow: 0x106061400>; contextId: 0xEB6CC3FE
default	21:47:51.831233-0500	projectm-tv	Evaluating dispatch of UIEvent: 0x109f97600; type: 0; subtype: 0; backing type: 11; shouldSend: 1; ignoreInteractionEvents: 0, systemGestureStateChange: 0
default	21:47:51.831464-0500	projectm-tv	Sending UIEvent type: 0; subtype: 0; to windows: 1
default	21:47:51.831643-0500	projectm-tv	Sending UIEvent type: 0; subtype: 0; to window: <UIWindow: 0x106061400>; contextId: 0xEB6CC3FE
default	21:47:51.831217-0500	projectm-tv	Evaluating dispatch of UIEvent: 0x109f97600; type: 0; subtype: 0; backing type: 11; shouldSend: 1; ignoreInteractionEvents: 0, systemGestureStateChange: 0
default	21:47:51.831449-0500	projectm-tv	Sending UIEvent type: 0; subtype: 0; to windows: 1
default	21:47:51.831625-0500	projectm-tv	Sending UIEvent type: 0; subtype: 0; to window: <UIWindow: 0x106061400>; contextId: 0xEB6CC3FE
default	21:47:51.900736-0500	projectm-tv	Evaluating dispatch of UIEvent: 0x109e6a880; type: 3; subtype: 0; backing type: 3; shouldSend: 1; ignoreInteractionEvents: 0, systemGestureStateChange: 0
default	21:47:51.901006-0500	projectm-tv	Sending UIEvent type: 3; subtype: 0; to windows: 1
default	21:47:51.901285-0500	projectm-tv	Sending UIEvent type: 3; subtype: 0; to window: <UIWindow: 0x106061400>; contextId: 0xEB6CC3FE
default	21:47:51.900773-0500	projectm-tv	Evaluating dispatch of UIEvent: 0x109e6a880; type: 3; subtype: 0; backing type: 3; shouldSend: 1; ignoreInteractionEvents: 0, systemGestureStateChange: 0
default	21:47:51.901032-0500	projectm-tv	Sending UIEvent type: 3; subtype: 0; to windows: 1
default	21:47:51.901303-0500	projectm-tv	Sending UIEvent type: 3; subtype: 0; to window: <UIWindow: 0x106061400>; contextId: 0xEB6CC3FE
default	21:47:53.559276-0500	projectm-tv	Evaluating dispatch of UIEvent: 0x109f97600; type: 0; subtype: 0; backing type: 11; shouldSend: 0; ignoreInteractionEvents: 0, systemGestureStateChange: 0
default	21:47:53.559293-0500	projectm-tv	Evaluating dispatch of UIEvent: 0x109f97600; type: 0; subtype: 0; backing type: 11; shouldSend: 0; ignoreInteractionEvents: 0, systemGestureStateChange: 0
default	21:47:53.680583-0500	projectm-tv	Evaluating dispatch of UIEvent: 0x109f97600; type: 0; subtype: 0; backing type: 11; shouldSend: 0; ignoreInteractionEvents: 0, systemGestureStateChange: 0
default	21:47:53.680599-0500	projectm-tv	Evaluating dispatch of UIEvent: 0x109f97600; type: 0; subtype: 0; backing type: 11; shouldSend: 0; ignoreInteractionEvents: 0, systemGestureStateChange: 0
default	21:47:53.898163-0500	projectm-tv	Evaluating dispatch of UIEvent: 0x109f97600; type: 0; subtype: 0; backing type: 11; shouldSend: 0; ignoreInteractionEvents: 0, systemGestureStateChange: 0
default	21:47:53.898180-0500	projectm-tv	Evaluating dispatch of UIEvent: 0x109f97600; type: 0; subtype: 0; backing type: 11; shouldSend: 0; ignoreInteractionEvents: 0, systemGestureStateChange: 0
default	21:47:54.273716-0500	projectm-tv	Evaluating dispatch of UIEvent: 0x109f97600; type: 0; subtype: 0; backing type: 11; shouldSend: 0; ignoreInteractionEvents: 0, systemGestureStateChange: 0
default	21:47:54.273691-0500	projectm-tv	Evaluating dispatch of UIEvent: 0x109f97600; type: 0; subtype: 0; backing type: 11; shouldSend: 0; ignoreInteractionEvents: 0, systemGestureStateChange: 0
default	21:47:54.298122-0500	projectm-tv	Evaluating dispatch of UIEvent: 0x109f97600; type: 0; subtype: 0; backing type: 11; shouldSend: 0; ignoreInteractionEvents: 0, systemGestureStateChange: 0
default	21:47:54.298152-0500	projectm-tv	Evaluating dispatch of UIEvent: 0x109f97600; type: 0; subtype: 0; backing type: 11; shouldSend: 0; ignoreInteractionEvents: 0, systemGestureStateChange: 0
default	21:47:54.451843-0500	projectm-tv	Evaluating dispatch of UIEvent: 0x109f97600; type: 0; subtype: 0; backing type: 11; shouldSend: 0; ignoreInteractionEvents: 0, systemGestureStateChange: 0
default	21:47:54.451860-0500	projectm-tv	Evaluating dispatch of UIEvent: 0x109f97600; type: 0; subtype: 0; backing type: 11; shouldSend: 0; ignoreInteractionEvents: 0, systemGestureStateChange: 0
default	21:47:54.504012-0500	projectm-tv	Evaluating dispatch of UIEvent: 0x109f97600; type: 0; subtype: 0; backing type: 11; shouldSend: 1; ignoreInteractionEvents: 0, systemGestureStateChange: 0
default	21:47:54.504169-0500	projectm-tv	Sending UIEvent type: 0; subtype: 0; to windows: 1
default	21:47:54.504208-0500	projectm-tv	Sending UIEvent type: 0; subtype: 0; to window: <UIWindow: 0x106061400>; contextId: 0xEB6CC3FE
default	21:47:54.504147-0500	projectm-tv	Evaluating dispatch of UIEvent: 0x109f97600; type: 0; subtype: 0; backing type: 11; shouldSend: 1; ignoreInteractionEvents: 0, systemGestureStateChange: 0
default	21:47:54.504185-0500	projectm-tv	Sending UIEvent type: 0; subtype: 0; to windows: 1
default	21:47:54.504225-0500	projectm-tv	Sending UIEvent type: 0; subtype: 0; to window: <UIWindow: 0x106061400>; contextId: 0xEB6CC3FE
default	21:47:54.526904-0500	projectm-tv	Evaluating dispatch of UIEvent: 0x109f97600; type: 0; subtype: 0; backing type: 11; shouldSend: 1; ignoreInteractionEvents: 0, systemGestureStateChange: 0
default	21:47:54.526978-0500	projectm-tv	Sending UIEvent type: 0; subtype: 0; to windows: 1
default	21:47:54.527019-0500	projectm-tv	Sending UIEvent type: 0; subtype: 0; to window: <UIWindow: 0x106061400>; contextId: 0xEB6CC3FE
default	21:47:54.526926-0500	projectm-tv	Evaluating dispatch of UIEvent: 0x109f97600; type: 0; subtype: 0; backing type: 11; shouldSend: 1; ignoreInteractionEvents: 0, systemGestureStateChange: 0
default	21:47:54.526995-0500	projectm-tv	Sending UIEvent type: 0; subtype: 0; to windows: 1
default	21:47:54.527038-0500	projectm-tv	Sending UIEvent type: 0; subtype: 0; to window: <UIWindow: 0x106061400>; contextId: 0xEB6CC3FE
default	21:47:54.557301-0500	projectm-tv	Evaluating dispatch of UIEvent: 0x109f97600; type: 0; subtype: 0; backing type: 11; shouldSend: 0; ignoreInteractionEvents: 0, systemGestureStateChange: 0
default	21:48:33.188026-0500	projectm-tv	Evaluating dispatch of UIEvent: 0x109f97600; type: 0; subtype: 0; backing type: 11; shouldSend: 0; ignoreInteractionEvents: 0, systemGestureStateChange: 0
default	21:48:33.188046-0500	projectm-tv	Evaluating dispatch of UIEvent: 0x109f97600; type: 0; subtype: 0; backing type: 11; shouldSend: 0; ignoreInteractionEvents: 0, systemGestureStateChange: 0
default	21:48:33.267477-0500	projectm-tv	policyStatus:<BKSHIDEventDeliveryPolicyObserver: 0x109c40120; display: 1E6D0100-0000-0000-011E-010380A05A78; environment: keyboardFocus; token: 0xEB6CC3FE; status: none> was:target
default	21:48:33.267493-0500	projectm-tv	policyStatus:<BKSHIDEventDeliveryPolicyObserver: 0x109c40120; display: 1E6D0100-0000-0000-011E-010380A05A78; environment: keyboardFocus; token: 0xEB6CC3FE; status: none> was:target

